date,model,observed,pred_mean,pred_median,pred_lower,pred_upper,pred_lower80,pred_upper80
2012-03-12,Model 0,64,64.9448,64,39,97.02499999999964,47,84
2012-03-19,Model 0,73,57.4758,57,35,84,42,74
2012-03-26,Model 0,48,55.4932,55,34,81,41,71
2012-04-02,Model 0,52,64.701,64,41,95,48,82
2012-04-09,Model 0,82,79.6448,79,51,115,60,101
2012-04-16,Model 0,77,74.8012,74,48,108,56,95
2012-04-23,Model 0,64,67.2586,66,42,98,50,86
2012-04-30,Model 0,88,80.01,79,51,115,60,101
2012-05-07,Model 0,97,85.6076,84,56,123,65,108
2012-05-14,Model 0,80,77.4478,77,50,110,58,98
2012-05-21,Model 0,80,83.1484,82,53,119,63,104.10000000000036
2012-05-28,Model 0,81,99.3608,98,65,141,75,125
2012-06-04,Model 0,100,103.968,103,68,146,79,130
2012-06-11,Model 0,88,105.057,104,69,149,80,131
2012-06-18,Model 0,129,110.592,109,74,155,85,138
2012-06-25,Model 0,151,122.26220000000001,121,83,171,95,152
2012-07-02,Model 0,140,122.931,122,81,173.02499999999964,95,153
2012-07-09,Model 0,132,131.3608,130,88,182,102,163
2012-07-16,Model 0,125,144.2494,142,97,202,111,179
2012-07-23,Model 0,110,136.7132,135,91,192,105,170
2012-07-30,Model 0,94,119.6818,118,80,168,92,149
2012-08-06,Model 0,127,107.8048,106,70.97500000000001,152,82,136
2012-08-13,Model 0,115,96.6392,95,64,137,74,121
2012-08-20,Model 0,92,85.7014,85,56,122,65,108
2012-08-27,Model 0,102,92.8356,92,60,132,70,117
2012-09-03,Model 0,76,99.2102,98,64,141,75,125
2012-09-10,Model 0,74,93.353,92,61,133,70,118
2012-09-17,Model 0,72,93.244,92,61,133,71,117
2012-09-24,Model 0,100,91.5672,90,60,130,69.90000000000003,115
2012-10-01,Model 0,104,87.4776,86,56,124,66,111
2012-10-08,Model 0,123,88.9554,88,58,128,67,113
2012-10-15,Model 0,105,104.4108,103,68,147,79,130
2012-10-22,Model 0,84,116.321,115,78,163,89,146
2012-10-29,Model 0,104,119.0552,117,80,169,92,149
2012-11-05,Model 0,100,106.1206,105,70,150,81,133
2012-11-12,Model 0,88,84.2334,83,54,121,63,106
2012-11-19,Model 0,100,80.584,79,52,115,60,102
2012-11-26,Model 0,80,86.1774,85,55,124,65,109
2012-12-03,Model 0,78,89.6098,88,58,128,67,114
2012-12-10,Model 0,105,99.6072,99,64,141,76,125
2012-12-17,Model 0,94,104.1418,103,68,148,79,131
2012-12-24,Model 0,112,102.287,101,67,145,77,128
2012-12-24,Model 0,112,112.8698,111,75,160,86,141
2012-12-24,Model 0,112,112.9038,112,74,159.02499999999964,86,141
2012-12-24,Model 0,112,109.8458,109,72,155,84,138
2012-12-24,Model 0,112,108.3972,107,72,151.02499999999964,82,136
2012-12-24,Model 0,112,108.3914,107,71,151,83,136
2012-12-24,Model 0,112,114.7182,114,75,161,88,144
2012-12-24,Model 0,112,130.5072,129,86,185,100,163
2013-01-07,Model 0,134,154.555,153,104,216,120,192
2013-01-14,Model 0,205,181.6768,180,124,251,141,225
2013-01-21,Model 0,219,202.0366,200,139,279,158,248
2013-01-28,Model 0,267,231.52440000000001,229,158,317,182,285
2013-02-04,Model 0,293,285.3768,282,196,394,225,351
2013-02-11,Model 0,322,303.4876,300,211,416,239,372
2013-02-18,Model 0,247,298.909,296,205,408,235,366
2013-02-25,Model 0,296,288.89,286,201.97500000000002,396,228,354
2013-03-04,Model 0,249,284.6516,282,198,389,224,350
2013-03-11,Model 0,273,263.8136,261,180,363.02499999999964,207,323
2013-03-18,Model 0,308,274.5416,272,189.97500000000002,376,216,338
2013-03-25,Model 0,307,304.1574,301,213,416,239,372
2013-04-01,Model 0,316,346.3056,344,241,467.02499999999964,275,423
2013-04-08,Model 0,406,421.383,417,295.975,575,336,514
2013-04-15,Model 0,492,468.918,463,328,640,371.90000000000003,573
2013-04-22,Model 0,509,474.8988,469,332,647,375,580
2013-04-29,Model 0,538,509.2878,504,353.975,696.0249999999996,405,622.1000000000004
2013-05-06,Model 0,547,562.6356,557,390,759,446,686
2013-05-13,Model 0,558,586.5838,581,414.975,787.0249999999996,468,715
2013-05-20,Model 0,611,606.9306,600,423.975,826,482,743
2013-05-27,Model 0,640,651.5456,646,457,880,515,793
2013-06-03,Model 0,746,712.9302,705,509,961.1249999999982,570,865
2013-06-10,Model 0,814,799.3052,789,558.975,1097.0999999999985,634,977
2013-06-17,Model 0,809,847.643,838,600,1147,674,1030.1000000000004
2013-06-24,Model 0,842,848.8204,843,601.975,1142.0249999999996,675.9000000000001,1028
2013-07-01,Model 0,806,782.1892,774.5,551,1055,624,953
2013-07-08,Model 0,678,638.0394,631,446,864.0249999999996,508,775
2013-07-15,Model 0,541,512.463,506,361,698,407,624
2013-07-22,Model 0,390,427.8244,423,303,583,340,522
2013-07-29,Model 0,306,371.624,368,259,509,294,458
2013-08-05,Model 0,289,338.1644,334,238,468,267,415
2013-08-12,Model 0,256,318.5652,314,223,435,251,391
2013-08-19,Model 0,378,309.6434,307,214,421.02499999999964,244,380
2013-08-26,Model 0,341,322.9338,320,223,441,253,397
2013-09-02,Model 0,386,340.8742,337,237,465,269,415
2013-09-09,Model 0,452,404.992,400,283,549,319,497
2013-09-16,Model 0,339,426.3534,422,300,582.0249999999996,337,523
2013-09-23,Model 0,376,418.539,415,292,572,331,511
2013-09-30,Model 0,406,433.1896,429,302.975,591.0249999999996,343,527.1000000000004
2013-10-07,Model 0,441,399.8438,395,276,544,315,490
2013-10-14,Model 0,438,383.869,380,271,520,304,468
2013-10-21,Model 0,374,421.1776,416,294,572.0249999999996,333,515
2013-10-28,Model 0,495,467.1974,461,327,634,372,569
2013-11-04,Model 0,458,474.7356,469,330,650,376,581
2013-11-11,Model 0,402,425.3608,420,299,581.0249999999996,336,522
2013-11-18,Model 0,444,415.4324,411,291,565,328,506
2013-11-25,Model 0,365,402.3274,398,280,547,320,491
2013-12-02,Model 0,372,363.1782,359,250,497,285,447
2013-12-09,Model 0,347,363.8118,360,251.97500000000002,495.02499999999964,288,444.10000000000036
2013-12-16,Model 0,381,373.9732,370,260,506,296,457
2013-12-23,Model 0,371,388.7766,384,272,531,306,474
2013-12-30,Model 0,414,410.6398,407,287,557,326.90000000000003,501
2014-01-06,Model 0,437,431.792,428,303,589.0249999999996,341,528
2014-01-13,Model 0,479,419.2212,414,293,570.0249999999996,333,513
2014-01-20,Model 0,401,392.2792,389,276,532,310,478
2014-01-27,Model 0,336,363.3774,359,254,491,285,446
2014-02-03,Model 0,234,339.0386,335,235,462,266,417
2014-02-10,Model 0,274,296.6748,293,205,410,233,364
2014-02-17,Model 0,369,248.1594,246,171,340.02499999999964,194,305
2014-02-24,Model 0,194,205.4502,203,140,283,161,253
2014-03-03,Model 0,187,206.794,204,141,289,162,255
2014-03-10,Model 0,210,262.535,259,179,361,206,324
2014-03-17,Model 0,225,250.708,248,171,347,197,308
2014-03-24,Model 0,210,202.9412,201,139,279,158,249
2014-03-31,Model 0,225,204.7546,202,140,282.02499999999964,160,253
2014-04-07,Model 0,240,222.0168,219,154,305.02499999999964,174,273
2014-04-14,Model 0,245,231.119,228,159,321,182,285
2014-04-21,Model 0,235,241.4098,239,165.97500000000002,331,190,296
2014-04-28,Model 0,282,265.3064,262,183,362,209,325
2014-05-05,Model 0,251,288.592,286,200,392.02499999999964,227,354
2014-05-12,Model 0,261,302.7076,299,207.97500000000002,414,238,372
2014-05-19,Model 0,291,336.018,333,233,460,265,413
2014-05-26,Model 0,428,353.1816,349,247,482,281,431
2014-06-02,Model 0,456,370.1144,367,257,504.02499999999964,292,452
2014-06-09,Model 0,459,422.6492,417,298,573,336,519
2014-06-16,Model 0,506,563.4886,557,395,759.0249999999996,446,688
2014-06-23,Model 0,551,698.0082,690,493,956,554.9000000000001,851
2014-06-30,Model 0,671,740.4492,734,520,1005.0249999999996,586,904.1000000000004
2014-07-07,Model 0,891,737.2012,728,517.975,999.0249999999996,587,897
2014-07-14,Model 0,819,705.1528,697,496,963.0499999999993,559,858
2014-07-21,Model 0,746,687.7952,681,483,932,549,835
2014-07-28,Model 0,634,704.1638,696,497.975,960.0249999999996,562,858
2014-08-04,Model 0,484,633.5122,627,448,861,502,774
2014-08-11,Model 0,545,527.9656,522,368.975,716,418,644.1000000000004
2014-08-18,Model 0,438,444.8904,441,310,609.0249999999996,351,544
2014-08-25,Model 0,418,378.4296,375,262.975,517.0249999999996,298,463
2014-09-01,Model 0,367,378.0408,375,264.975,513,297,461
2014-09-08,Model 0,339,391.3676,387,274.975,532,309,479
2014-09-15,Model 0,362,387.2796,383,269,528,305.90000000000003,476
2014-09-22,Model 0,397,371.0168,367,261,505.02499999999964,293,454
2014-09-29,Model 0,345,338.666,336,235,463,268,415
2014-10-06,Model 0,339,316.0186,313,221,433,249,388
2014-10-13,Model 0,278,304.0834,301,210,413,240,374
2014-10-20,Model 0,297,268.5038,266,185,364,212,329
2014-10-27,Model 0,213,231.0816,229,160,314,181,284
2014-11-03,Model 0,186,199.8034,197,137,275,156,247
2014-11-10,Model 0,169,189.1454,187,128,263,147,234
2014-11-17,Model 0,158,175.1012,173,118.97500000000001,245,135,217
2014-11-24,Model 0,149,159.6248,158,107,224,124,199
2014-12-01,Model 0,162,159.1222,157,108,222,123,198
2014-12-08,Model 0,212,164.5102,163,113,229,129,202
2014-12-15,Model 0,177,171.9964,170,118,239,135,213
2014-12-22,Model 0,198,189.2954,187,129,260,148,233
2014-12-29,Model 0,188,226.5498,225,154,311.02499999999964,176,280
2015-01-05,Model 0,158,233.7604,232,160.97500000000002,318,183,288
2015-01-05,Model 0,257,228.3766,226,158,314,179,282
2015-01-12,Model 0,228,217.2082,214,149,297.02499999999964,170,267
2015-01-19,Model 0,237,194.2524,192,133,268,152,240
2015-01-26,Model 0,259,213.8634,211,147,296,167,264.10000000000036
2015-02-02,Model 0,212,221.6316,219,152,306,173,272
2015-02-09,Model 0,173,205.7428,203,141,287,160,254
2015-02-16,Model 0,100,195.895,193,133,274,152,245
2015-02-23,Model 0,172,172.5506,171,117,240,133,214
2015-03-02,Model 0,190,135.4318,134,91,190,104,169
2015-03-09,Model 0,110,99.1586,98,64,140,75,125
2015-03-16,Model 0,91,102.9026,102,69,144,79,129
2015-03-23,Model 0,130,131.4498,130,88,185,101,163
2015-03-30,Model 0,91,125.1524,124,84,175,96,156
2015-04-06,Model 0,107,105.824,105,68,149,80,132
2015-04-13,Model 0,137,117.833,116,79,165,91,147
2015-04-20,Model 0,113,120.5732,119,79,170,93,151
2015-04-27,Model 0,120,119.4962,118,80,169.02499999999964,92,149
2015-05-04,Model 0,135,136.7934,135,92,190,105,170
2015-05-11,Model 0,158,138.6646,138,92,194,107,172
2015-05-18,Model 0,109,135.3384,133,91,190,104,169
2015-05-25,Model 0,180,149.8778,148,101,209,116,186
2015-06-01,Model 0,152,178.195,176,123,245,139,220.10000000000036
2015-06-08,Model 0,193,180.2558,178,122.97500000000001,250,140,224
2015-06-15,Model 0,207,210.5214,208,145,293,164,260
2015-06-22,Model 0,240,234.743,232,159,324,184,288
2015-06-29,Model 0,242,249.3406,247,173,339,196,305
2015-07-06,Model 0,272,262.019,260,181,360,206,322.10000000000036
2015-07-13,Model 0,263,263.7624,261,182,363,208,323
2015-07-20,Model 0,293,255.4666,254,177,343,201,312
2015-07-27,Model 0,250,250.6738,248,175,344,196,308
2015-08-03,Model 0,226,247.3746,245,169,342,193,305
2015-08-10,Model 0,221,254.1958,252,175,347,199,312
2015-08-17,Model 0,250,250.2764,248,173,345,196,309
2015-08-24,Model 0,225,234.0072,231,161,323,183,287
2015-08-31,Model 0,246,227.6746,225,156,312,178,281
2015-09-07,Model 0,217,240.1246,237,167,329,188,295
2015-09-14,Model 0,303,244.1358,241,168,336,191,301
2015-09-21,Model 0,214,243.747,240.5,168,336,191,300
2015-09-28,Model 0,257,239.0036,236,164,328,187,294
2015-10-05,Model 0,235,262.1944,259,180,364,205,323
2015-10-12,Model 0,235,253.9202,250,176,353,199,313
2015-10-19,Model 0,224,240.3764,237,164,333,188,296
2015-10-26,Model 0,246,237.6008,235,163.97500000000002,327.02499999999964,186,292
2015-11-02,Model 0,266,230.1922,228,159,316,182,283
2015-11-09,Model 0,198,227.6128,225,155.97500000000002,313,178,281
2015-11-16,Model 0,254,243.2318,241,169,334,191,298
2015-11-23,Model 0,286,274.3224,272,190,375,215,336
2015-11-30,Model 0,259,279.924,277,193,386,219,344
2015-12-07,Model 0,357,314.577,310,218,431,249,388
2015-12-14,Model 0,333,392.927,388,276,537.0249999999996,309,480
2015-12-21,Model 0,372,438.2424,432.5,305,596,345,539
2016-01-04,Model 0,549,504.5366,498,355.975,688,400,615.1000000000004
2016-01-11,Model 0,628,533.2668,528,376,723,426.90000000000003,647
2016-01-18,Model 0,636,526.6868,521,369,712.0249999999996,419,640
2016-01-25,Model 0,630,591.3046,585,417,797,470,721
2016-02-01,Model 0,530,642.289,635,456.975,869.0249999999996,509,781
2016-02-08,Model 0,420,608.7238,602,427,827,482,742
2016-02-15,Model 0,593,554.1832,550,387,749.0249999999996,439,678
2016-02-22,Model 0,512,469.726,465,329,637,373,572
2016-02-29,Model 0,412,387.3908,383,270,525.0249999999996,305,474
2016-03-07,Model 0,397,395.092,391,276,542.0249999999996,311,482
2016-03-14,Model 0,374,405.9896,401,282,553,321,497
2016-03-21,Model 0,308,356.5552,351,248,493,282,437
2016-03-28,Model 0,377,315.7998,312,218,433,249,385
2016-04-04,Model 0,292,289.746,286,200,397.02499999999964,229,355
2016-04-11,Model 0,225,260.7934,258,181.97500000000002,358,205,319
2016-04-18,Model 0,231,259.6236,257,177,358,203,319
2016-04-25,Model 0,244,245.4478,243,169.97500000000002,340.02499999999964,193,303
2016-05-02,Model 0,181,206.3514,204,142,285,162,254
2016-05-09,Model 0,217,189.698,188,129,260,148,232
2016-05-16,Model 0,212,197.8952,196,136,273,155,243
2016-05-23,Model 0,198,190.2878,188,131,262,149,235
2016-05-30,Model 0,220,197.1952,195,136,271,155,242
2016-06-06,Model 0,160,217.361,214,149.97500000000002,301,170,268
2016-06-13,Model 0,193,223.6254,221,151,309,175,276
2016-06-20,Model 0,215,232.094,230,159,319,182,286
2016-06-27,Model 0,234,212.3782,210,145,292,165,261
2016-07-04,Model 0,247,202.6464,201,138,275,159,249
2016-07-11,Model 0,223,217.0642,215,149,300,170,267
2016-07-18,Model 0,266,231.8284,230,159,322.02499999999964,181,285
2016-07-25,Model 0,222,246.1882,243,170,341,192,304
2016-08-01,Model 0,211,244.9212,242,167,337.02499999999964,191.90000000000003,303
2016-08-08,Model 0,198,259.2836,256,178,356,203,321
2016-08-15,Model 0,222,257.9542,256,178,352,203,317
2016-08-22,Model 0,274,238.9668,236,164,328,188,293.10000000000036
2016-08-29,Model 0,311,218.2602,216,150,298,172,269
2016-09-05,Model 0,242,207.836,205,144,288,163,255
2016-09-12,Model 0,174,213.9922,211,146.975,296,167,263
2016-09-19,Model 0,173,213.1092,211,147,294,166,264
2016-09-26,Model 0,138,176.3842,174,118.97500000000001,247,137,219
2016-10-03,Model 0,125,126.9866,125,85,178,97,159
2016-10-10,Model 0,94,102.5092,101,67,146,78,129
2016-10-17,Model 0,108,91.6516,90,60,129,69,116
2016-10-24,Model 0,84,85.5034,84,55,121,65,107
2016-10-31,Model 0,86,81.298,80,52,116,61,103
2016-11-07,Model 0,84,83.4066,82,53,119,63,105
2016-11-14,Model 0,72,84.1462,83,55,120,64,106
2016-11-21,Model 0,75,81.3878,81,52,116,61,103
2016-11-28,Model 0,86,79.4016,79,51,113,60,100
2016-12-05,Model 0,59,73.4136,72,47,105,55,93
2016-12-12,Model 0,81,69.551,69,44,100,52,88
2016-12-19,Model 0,72,74.2046,73,47,106,55,94
2017-01-02,Model 0,70,70.8744,70,45,102,53,90
2017-01-09,Model 0,91,73.6446,73,46,106,55,93
2017-01-16,Model 0,75,78.7902,78,51,112,59,99
2017-01-23,Model 0,66,75.7148,74,49,110,57,96
2017-01-30,Model 0,62,77.8104,77,49,111,58,98
2017-02-06,Model 0,77,69.5356,69,45,99,52,88
2017-02-13,Model 0,53,53.865,53,33,79,39,70
2017-02-20,Model 0,54,44.11,43,26,66,32,58
2017-02-27,Model 0,41,43.801,43,25,66,31,57
2017-03-06,Model 0,32,41.8172,41,24,62,30,54
2017-03-13,Model 0,35,40.0036,40,23,61,28,52
2017-03-20,Model 0,32,39.7114,39,23,60,28,52
2017-03-27,Model 0,50,36.3638,36,21,55,26,48
2017-04-03,Model 0,37,36.5082,36,21,55,26,48
2017-04-10,Model 0,32,37.7086,37,21,58,26,49
2017-04-17,Model 0,51,44.5264,44,26,66.02499999999964,32,58
2017-04-24,Model 0,37,44.498,44,26.97500000000001,66,32,58
2017-05-01,Model 0,42,38.6132,38,22,58,28,51
2017-05-08,Model 0,48,45.0102,44,27,67,32,58
2017-05-15,Model 0,50,49.7354,49,30,74,36,65
2017-05-22,Model 0,50,53.2228,52,32.97500000000001,78,39,69
2017-05-29,Model 0,66,62.932,62,40,91,47,80
2017-06-05,Model 0,62,69.7724,69,44.97500000000001,99.02499999999964,52,89
2017-06-12,Model 0,80,69.4842,68,44,100,52,88
2017-06-19,Model 0,73,70.4056,70,45,102,52,90
2017-06-26,Model 0,75,66.5954,66,42,96,49,85
2017-07-03,Model 0,63,65.771,65,41,96,49,84
2017-07-10,Model 0,53,64.2828,63,40,93,47,83
2017-07-17,Model 0,51,62.7848,62,39,91,46,80
2017-07-24,Model 0,67,60.2812,59,37,88,44,77
2017-07-31,Model 0,60,54.6056,54,33.97500000000001,81,40,70
2017-08-07,Model 0,56,51.2632,50,31,76,37,66
2017-08-14,Model 0,53,55.2626,54,34,82.02499999999964,40,71
2017-08-21,Model 0,52,54.4362,54,33,81,40,70
2017-08-28,Model 0,33,48.5338,48,29,72,35,63
2017-09-04,Model 0,40,44.54,44,26,66,32,57
2017-09-11,Model 0,53,43.9686,43,26,65,32,57
2017-09-18,Model 0,59,41.0396,41,24,61,29,54
2017-09-25,Model 0,39,43.7958,43,26,66,31,57
2017-10-02,Model 0,52,60.365,60,38,88,44,78
2017-10-09,Model 0,55,75.0364,74,48,108,56,95
2017-10-16,Model 0,63,66.1002,65,42,97,49,84
2017-10-23,Model 0,77,55.3062,55,34,80,40,71
2017-10-30,Model 0,62,50.5576,50,31,74,37,66
2017-11-06,Model 0,44,46.3948,46,27,70,33,60
2017-11-13,Model 0,50,47.175,46,28,70,34,61
2017-11-20,Model 0,24,45.6112,45,27,68,33,59
2017-11-27,Model 0,38,41.0748,40,24,62,29,54
2017-12-04,Model 0,34,43.1608,43,25,65,31,56
2017-12-11,Model 0,40,41.4876,41,25,62,30,54
2017-12-18,Model 0,51,43.8006,43,26,65,31,57
2017-12-25,Model 0,66,50.6914,50,30.97500000000001,75,37,66
2017-12-25,Model 0,66,55.5554,55,34,82,40,71
2017-12-25,Model 0,66,63.9822,63,41,93,47,82
2017-12-25,Model 0,66,73.839,73,47,107,55,94
2017-12-25,Model 0,66,76.7886,76,49,109,58,97
2017-12-25,Model 0,66,73.8936,73,46,107,55,94
2017-12-25,Model 0,66,70.2458,69,45,101,52,89
2017-12-25,Model 0,66,67.0876,66,42,97,50,85
2018-01-01,Model 0,83,63.3116,63,39.97500000000001,92,47,81
2018-01-08,Model 0,68,58.8608,58,36,86,43,75
2018-01-15,Model 0,54,55.7772,55,35,81,41,71
2018-01-22,Model 0,45,58.373,58,36,85,43,75
2018-01-29,Model 0,48,56.1384,55,35,83,41,73
2018-02-05,Model 0,50,47.8296,47,29,71,35,62
2018-02-12,Model 0,28,40.6364,40,23,61,29,53
2018-02-19,Model 0,39,38.8292,38,22,58,28,51
2018-02-26,Model 0,51,39.7854,39,23,59,28,52
2018-03-05,Model 0,37,33.4322,33,19,51,23,44
2018-03-12,Model 0,39,31.3938,31,18,48,22,41
2018-03-19,Model 0,36,39.2428,39,23,60,28,51
2018-03-26,Model 0,24,41.8046,41,25,62,30,55
2018-04-02,Model 0,38,42.6156,42,26,64,31,56
2018-04-09,Model 0,38,45.8514,45,27,69,33,60
2018-04-16,Model 0,56,43.0452,42,26,64,31,56
2018-04-23,Model 0,56,48.0508,47,29,71,35,63
2018-04-30,Model 0,77,56.3222,56,34,82,41,72.10000000000036
2018-05-07,Model 0,62,65.902,65,41,95,49,84
2018-05-14,Model 0,64,70.1656,69,44,103,52,89
2018-05-21,Model 0,65,74.5248,74,47,108,56,95
2018-05-28,Model 0,54,69.7216,69,44,101,52,89
2018-06-04,Model 0,75,63.11,62,39,92,47,80
2018-06-11,Model 0,55,61.1644,60,38.97500000000001,89,45,78.10000000000036
2018-06-18,Model 0,61,57.3812,57,35,84,42,74
2018-06-25,Model 0,76,60.257,60,37,88,44,77
2018-07-02,Model 0,58,57.3462,57,35,84,42,74
2018-07-09,Model 0,44,52.5092,52,32,77,38,68
2018-07-16,Model 0,41,57.4658,56,36,84,42,74
2018-07-23,Model 0,56,56.6334,56,35,84,41,73
2018-07-30,Model 0,51,48.7784,48,29,72,35,63
2018-08-06,Model 0,59,46.7266,46,28,69,34,60.100000000000364
2018-08-13,Model 0,43,56.6922,56,35,82,42,73
2018-08-20,Model 0,68,65.7366,65,42,95,49,84
2018-08-27,Model 0,75,68.0872,67,43,98,51,87
2018-09-03,Model 0,76,59.3984,59,36.97500000000001,87,44,76
2018-09-10,Model 0,49,58.2802,57,36,86,43,75
2018-09-17,Model 0,63,62.0746,61,39,90,46,80
2018-09-24,Model 0,40,61.2166,60,38,89,45,78
2018-10-01,Model 0,51,52.9582,52,32,78.02499999999964,39,69
2018-10-08,Model 0,51,53.5614,53,33,78,39,69
2018-10-15,Model 0,62,54.9556,54,34,80,40,70
2018-10-22,Model 0,78,59.961,59,37,87,44,77
2018-10-29,Model 0,75,71.327,70,45,103,53,91
2018-11-05,Model 0,71,83.0274,82,54,117.02499999999964,63,105
2018-11-12,Model 0,78,95.948,95,62,136,73,120
2018-11-19,Model 0,97,97.734,96,64,139,74,123
2018-11-26,Model 0,109,92.3806,92,60,131,70,116
2018-12-03,Model 0,115,95.5492,95,63,135,73,120
2018-12-10,Model 0,108,118.036,116,79,167,91,148
2018-12-17,Model 0,128,150.691,149,101,210,116.90000000000003,187
2018-12-24,Model 0,160,178.3316,176,121,248,139,220.10000000000036
2019-01-07,Model 0,207,186.8216,185,127,259,145,231
2019-01-14,Model 0,245,190.3366,188.5,130,263,148,234
2019-01-21,Model 0,215,204.2028,202,141,281.02499999999964,160,251
2019-01-28,Model 0,222,220.3984,218,151,303,171,272
2019-02-04,Model 0,182,228.6916,226,158,315,179,281
2019-02-11,Model 0,138,209.8524,207,143,290,163,261
2019-02-18,Model 0,235,187.8496,186,128,264,146,233
2019-02-25,Model 0,182,162.6474,161,112,225,127,201
2019-03-04,Model 0,157,132.599,131,88,186,101,166
2019-03-11,Model 0,134,142.697,141,96,200,110,177
2019-03-18,Model 0,109,143.5502,142,96,199,110,178
2019-03-25,Model 0,97,122.1076,121,81,171,93,153
2019-04-01,Model 0,100,107.6406,106,71,153,82,134.10000000000036
2019-04-08,Model 0,108,100.0624,99,66,143,76,125
2019-04-15,Model 0,125,103.6404,102,69,146,80,130
2019-04-22,Model 0,135,125.4008,125,83,176,96,156
2019-04-29,Model 0,157,167.6738,166,113.97500000000001,233,130,207
2019-05-06,Model 0,194,223.515,221,152,311,176,275
2019-05-13,Model 0,287,271.7492,269,187.97500000000002,368,212,334
2019-05-20,Model 0,309,301.7254,298,208,414.02499999999964,238,371
2019-05-27,Model 0,378,328.314,325,225,452.02499999999964,259,402
2019-06-03,Model 0,401,380.737,376,266,520,302,465
2019-06-10,Model 0,400,412.3928,407,289,563.0249999999996,328,505
2019-06-17,Model 0,467,449.8742,445,312,611,357,552
2019-06-24,Model 0,433,494.6538,490,350,673,392,601.1000000000004
2019-07-01,Model 0,497,528.8008,522,375,716.0249999999996,422,644
2019-07-08,Model 0,593,584.1984,577,412,794.0249999999996,465,710
2019-07-15,Model 0,663,600.8016,594.5,425.975,814,482,733
2019-07-22,Model 0,646,596.348,593,417,805,471,725
2019-07-29,Model 0,605,617.4476,611,431,850.0249999999996,491.90000000000003,755
2019-08-05,Model 0,599,622.2058,615,436.975,847.0249999999996,493,759
2019-08-12,Model 0,523,576.2418,570,403,777,459,702.1000000000004
2019-08-19,Model 0,524,509.1132,503,359,690,404,622
2019-08-26,Model 0,474,460.0702,456,322,623,365,560
2019-09-02,Model 0,414,411.251,406,288.975,560,326,504
2019-09-09,Model 0,327,372.9202,369,260.975,510.02499999999964,296,455
2019-09-16,Model 0,317,338.7574,334,235,460.02499999999964,268,416
2019-09-23,Model 0,301,296.927,293,206,406,233,366
2019-09-30,Model 0,261,251.9138,249,170,345,197,310
2019-10-07,Model 0,246,233.6122,232,161,317.02499999999964,183,287
2019-10-14,Model 0,227,243.5596,241,169,333,191,300
2019-10-21,Model 0,239,258.7932,256,179,355.02499999999964,203,318
2019-10-28,Model 0,242,278.4806,276,192,382,219,342
2019-11-04,Model 0,308,293.7358,290,205,408,232,362
2019-11-11,Model 0,322,306.5912,303,213,422,241,376
2019-11-18,Model 0,373,307.5588,304,216,420,243,377
2019-11-25,Model 0,331,315.6214,313,218,432.02499999999964,248,385
2019-12-02,Model 0,295,311.131,308,217,422.02499999999964,244,381
2019-12-09,Model 0,281,304.7068,301,211,420,239,374
2019-12-16,Model 0,257,290.336,287,201,399,228,358
2019-12-23,Model 0,226,271.7618,268,187,377.02499999999964,213,335
2019-12-30,Model 0,290,274.2668,272,190,377,215,337
2020-01-06,Model 0,303,288.5692,286,201,394,227,353
2020-01-13,Model 0,343,298.833,295,207,410,236,367
2020-01-20,Model 0,404,339.4796,336,235,463,268,415
2020-01-27,Model 0,309,381.9874,377,265,521,302,467.10000000000036
2020-02-03,Model 0,370,406.2076,402,284,555.0249999999996,322,499
2020-02-10,Model 0,400,421.2378,418,292,575.0249999999996,333,514
2020-02-17,Model 0,380,376.7774,373,263,514,298,461
2020-02-24,Model 0,381,353.1,349,246,481,279.90000000000003,431
2020-03-02,Model 0,374,370.8536,367,258,507,292,453
2020-03-09,Model 0,375,378.299,374.5,263,515,299,462
2020-03-16,Model 0,389,376.5262,373,260,514,298,460
2020-03-23,Model 0,368,372.4446,368,260,509,294,456
2020-03-30,Model 0,377,369.0284,365,255,508,290,452
2020-04-06,Model 0,315,369.6404,367,256,498.02499999999964,293,451
2020-04-13,Model 0,343,365.9956,362,253,502,289,449
2020-04-20,Model 0,360,367.8902,364,253,503.02499999999964,291,450
2020-04-27,Model 0,400,362.7322,359,251,499,288,443
2020-05-04,Model 0,390,385.2494,382,271,523.0249999999996,303,471
2020-05-11,Model 0,507,451.4444,446,317,612,357,551
2020-05-18,Model 0,526,548.362,542,387,744.0249999999996,435,670
2020-05-25,Model 0,619,643.3134,639,452,869,511,784
2020-06-01,Model 0,732,791.1298,784,554,1066,626,964.1000000000004
2020-06-08,Model 0,868,935.6202,928,659.975,1268,743,1139
2020-06-15,Model 0,1153,1053.232,1044,740,1427,839,1281.1000000000004
2020-06-22,Model 0,1371,1190.2598,1181,841,1600,950,1447
2020-06-29,Model 0,1460,1322.528,1305,935,1784,1057,1610
2020-07-06,Model 0,1448,1538.2968,1526,1092,2055.0249999999996,1227,1859.1000000000004
2020-07-13,Model 0,1667,1733.9362,1715,1231,2341,1393.9,2101.1000000000004
2020-07-20,Model 0,1729,1771.106,1751.5,1247,2379.0499999999993,1412,2149
2020-07-27,Model 0,1792,1677.7968,1659,1191.9750000000001,2271,1342,2032.2000000000007
2020-08-03,Model 0,1378,1623.1652,1605,1155,2200,1298.9,1970
2020-08-10,Model 0,1667,1578.8004,1564,1125,2117.0249999999996,1260,1915
2020-08-17,Model 0,1339,1452.982,1437,1036,1962.0249999999996,1161,1768
2020-08-24,Model 0,1287,1198.9576,1185,851,1601.0999999999985,956,1453
2020-08-31,Model 0,1154,1055.0566,1044,750,1423,841,1277.1000000000004
2020-09-07,Model 0,938,935.7824,924.5,668,1269,750,1135
2020-09-14,Model 0,725,815.0208,807,575,1108,649,990
2020-09-21,Model 0,671,747.9164,739,525,1027,595,916
2020-09-28,Model 0,591,682.9512,676,480,925,544,832
2020-10-05,Model 0,605,599.4736,594,418,812.0249999999996,478,729
2020-10-12,Model 0,529,551.2444,545,386.975,743,438,673
2020-10-19,Model 0,592,520.4344,513,364,703.0499999999993,414,635
2020-10-26,Model 0,565,499.341,496.5,350,674,395,607
2020-11-02,Model 0,440,457.5122,453,320,618.0249999999996,363,557
2020-11-09,Model 0,408,423.3962,419,295,570,336,515
2020-11-16,Model 0,355,389.6942,386,272,530.0249999999996,308,476
2020-11-23,Model 0,258,323.617,319,228.97500000000002,443,256,397
2020-11-30,Model 0,279,272.6544,269,187,374,214,334
2020-12-07,Model 0,228,244.5768,242,170,337,192,301
2020-12-14,Model 0,227,215.0958,212,147,296,168,266
2020-12-21,Model 0,236,204.025,201,141,284,160,252
2021-01-04,Model 0,194,198.4976,196,134,274,154,246
2021-01-04,Model 0,194,189.862,187,128,261,148,234
2021-01-11,Model 0,166,186.5712,184,127,259,145,231
2021-01-18,Model 0,152,170.5094,168,114,238,132,213
2021-01-25,Model 0,135,153.7874,152,104,212,120,188
2021-02-01,Model 0,141,142.708,141,95.97500000000001,201,110,177
2021-02-08,Model 0,143,134.2026,132,88,189,104,167
2021-02-15,Model 0,148,131.0796,130,88,182,102,162
2021-02-22,Model 0,146,135.8324,135,91,189,105,169
2021-03-01,Model 0,140,145.016,143,97,202,112,179
2021-03-08,Model 0,145,149.4354,147,99,210,116,186
2021-03-15,Model 0,129,143.1724,142,97,200,110,177
2021-03-22,Model 0,120,130.3224,129,86,183,100,163
2021-03-29,Model 0,113,119.0104,118,80,167,91,148
2021-04-05,Model 0,102,108.4204,107,71,153,83,136
2021-04-12,Model 0,112,100.4618,99,66,144,76,126
2021-04-19,Model 0,129,98.46,97,65,140,75,123
2021-04-26,Model 0,84,100.733,99,65,143,77,127
2021-05-03,Model 0,117,111.925,110.5,74,158,85,140
2021-05-10,Model 0,92,130.9738,129,87,184,101,163
2021-05-17,Model 0,119,124.0182,123,83,172,96,155
2021-05-24,Model 0,130,120.8112,120,80,168,93,150
2021-05-31,Model 0,118,116.4814,115,76.97500000000001,165,89,146
2021-06-07,Model 0,137,116.2662,115,76,165,89,145.10000000000036
2021-06-14,Model 0,135,124.7634,124,84,173.02499999999964,96,155
2021-06-21,Model 0,127,120.5876,119,79,168,92,150
2021-06-28,Model 0,112,119.408,118,78,168,91,149
2021-07-05,Model 0,104,116.8374,115,77.97500000000001,165,89,146
2021-07-12,Model 0,75,105.8542,105,68,149,80,133
2021-07-19,Model 0,80,90.1134,89,58,129,68,114
2021-07-26,Model 0,82,76.0176,75,48,110,57,96
2021-08-02,Model 0,70,61.652,61,39,89,46,79
2021-08-09,Model 0,81,55.4004,55,34,80,41,71
2021-08-16,Model 0,56,59.9334,59,37,88,44,76
2021-08-23,Model 0,53,64.7112,64,40,95,48,83
2021-08-30,Model 0,46,76.5386,76,48,110,57,98
2021-09-06,Model 0,61,79.645,79,51,115,60,101
2021-09-13,Model 0,74,76.5014,76,49,110,58,96
2021-09-20,Model 0,110,73.3052,72,47,105,55,93
2021-09-27,Model 0,105,79.067,78,51,112,60,99
2021-10-04,Model 0,104,90.0706,89,58,127,68,113
2021-10-11,Model 0,85,103.37,102,67,145,79,129
2021-10-18,Model 0,76,99.49,98.5,65,139,76,125
2021-10-25,Model 0,75,83.3838,82,54,120,63,105
2021-11-01,Model 0,59,66.008,65,42,95,49,84
2021-11-08,Model 0,42,53.3912,53,33,77.02499999999964,39,68
2021-11-15,Model 0,56,50.0596,49,31,74,36,64
2021-11-22,Model 0,63,48.5162,48,30,71,35,63
2021-11-29,Model 0,48,46.4658,46,28,68,34,60
2021-12-06,Model 0,65,56.8418,56,35,84,41.900000000000034,73
2021-12-13,Model 0,61,80.8576,80,52,114,61,102
2021-12-20,Model 0,68,95.3084,94,63,135,73,120
2022-01-03,Model 0,106,111.3794,110,73,158,85,139
2022-01-10,Model 0,146,122.6474,122,82,172,94,153
2022-01-17,Model 0,180,124.014,122.5,83,173,96,154
2022-01-24,Model 0,171,146.4234,145,100,203,113,182
2022-01-31,Model 0,154,182.186,180,124,251,142,225
2022-02-07,Model 0,169,212.7214,210,147,293,167,262
2022-02-14,Model 0,206,224.1522,221,153,310.02499999999964,175,277
2022-02-21,Model 0,201,224.081,222,154,310,175,275
2022-02-28,Model 0,263,246.379,243,171,339,193,302
2022-03-07,Model 0,369,309.6682,307,214,420,244,380
2022-03-14,Model 0,421,367.1072,362,256.975,502,290,450
2022-03-21,Model 0,441,448.6274,445,311,611,355,546
2022-03-28,Model 0,510,584.899,580,409,792,464,712
2022-04-04,Model 0,643,688.294,683,483,924,544,840
2022-04-11,Model 0,734,722.033,713,514,976.0249999999996,578,876
2022-04-18,Model 0,942,775.5916,770,546,1049,619,942
2022-04-25,Model 0,1003,905.193,895.5,643,1212.0249999999996,724,1093
2022-05-02,Model 0,846,1071.9652,1060.5,756.9749999999999,1456.0249999999996,855,1305
2022-05-09,Model 0,1315,1292.3858,1277,918,1754,1025,1568
2022-05-16,Model 0,1276,1429.0354,1411,1021.975,1918.0249999999996,1145,1737
2022-05-23,Model 0,1567,1320.2066,1307,938,1788.0499999999993,1050.9,1607.2000000000007
2022-05-30,Model 0,1454,1376.5534,1362,972.9749999999999,1848.0249999999996,1106,1667
2022-06-06,Model 0,1460,1393.5838,1377,988.9,1882,1110,1694.1000000000004
2022-06-13,Model 0,1254,1375.9528,1365,972.9749999999999,1859,1093,1678
2022-06-20,Model 0,1172,1299.8968,1287,925.975,1749.0249999999996,1041,1574
2022-06-27,Model 0,1187,1209.832,1196,869.95,1629.0499999999993,970,1463
2022-07-04,Model 0,1164,1113.7292,1101,792,1506.0249999999996,893,1348
2022-07-11,Model 0,918,1029.8502,1020,724,1392.0249999999996,822,1251
2022-07-18,Model 0,1036,1020.6636,1007,725.975,1385,815,1247
2022-07-25,Model 0,1092,1007.4762,994,712,1366.0249999999996,804,1227
2022-08-01,Model 0,896,892.303,882,633.975,1192,711.9000000000001,1082
2022-08-08,Model 0,879,813.8294,805,562.95,1100.0499999999993,649,996
2022-08-15,Model 0,679,801.5506,792,567,1094,640,980
2022-08-22,Model 0,662,717.7618,711.5,503,971,569,875
2022-08-29,Model 0,581,633.6504,627,448,867,502,775
2022-09-05,Model 0,570,548.919,542,387.975,747,437,669
2022-09-12,Model 0,544,494.3048,489,348,676,394,604
2022-09-19,Model 0,472,463.6724,458,323,631,364,567.1000000000004
2022-09-26,Model 0,426,448.2182,443,317,611.0249999999996,354,549
2022-10-03,Model 0,397,436.5506,431,304,596.0249999999996,345.90000000000003,535
2022-10-10,Model 0,376,401.9994,398,280,548,317,492
2022-10-17,Model 0,373,358.742,355,252,489,283,440
2022-10-24,Model 0,314,325.2886,321,223,443,257,398
2022-10-31,Model 0,318,309.2514,307,213.97500000000002,421.02499999999964,243,379
2022-11-07,Model 0,294,303.8994,301,211,416,240,372
2022-11-14,Model 0,315,291.0854,288,199.97500000000002,399,230,357
2022-11-21,Model 0,265,285.2398,283,199,389,225,347
2022-11-28,Model 0,242,287.9228,285,200,400,225,355
2022-12-05,Model 0,327,298.093,295,208,406,235,364
2022-12-12,Model 0,290,287.2088,283,199.97500000000002,395.02499999999964,226,353
2022-12-19,Model 0,270,265.6554,262,183,369,208,329
2022-12-26,Model 0,285,292.7158,289,196,419.02499999999964,223,367
2012-03-12,Model 1,64,65.3544,64,39,98,47,85
2012-03-19,Model 1,73,56.6194,56,34,83,41,73
2012-03-26,Model 1,48,55.1078,54,34,81,40,71
2012-04-02,Model 1,52,64.916,64,41,95,48.900000000000034,82
2012-04-09,Model 1,82,80.3302,79,52,115,60,102
2012-04-16,Model 1,77,74.2212,73,47.97500000000001,106,55,94
2012-04-23,Model 1,64,67.1978,67,42,96,50,85
2012-04-30,Model 1,88,79.8684,79,51,114,60,102
2012-05-07,Model 1,97,86.105,85,55,124,64,109
2012-05-14,Model 1,80,77.8826,77,50,113,59,99
2012-05-21,Model 1,80,82.2512,81,52,118,62,104
2012-05-28,Model 1,81,99.9592,99,65.97500000000001,143,76,126
2012-06-04,Model 1,100,104.5838,103,69,147,79.90000000000003,131
2012-06-11,Model 1,88,104.522,103,68,149,80,131
2012-06-18,Model 1,129,110.9522,110,73,157,85,139
2012-06-25,Model 1,151,123.0844,121,83,173,95,153
2012-07-02,Model 1,140,122.8024,121,82,172.02499999999964,94,153.10000000000036
2012-07-09,Model 1,132,129.499,128,86.97500000000001,180,100,161
2012-07-16,Model 1,125,143.1288,141,95,202,111,178
2012-07-23,Model 1,110,135.1786,133,91,188,104,168
2012-07-30,Model 1,94,122.7454,122,80,174,94,153
2012-08-06,Model 1,127,109.1206,108,72,155,84,136
2012-08-13,Model 1,115,96.8362,96,64,139,73,122
2012-08-20,Model 1,92,85.1992,84,55,121,65,107
2012-08-27,Model 1,102,92.2698,91,60,131,70,116
2012-09-03,Model 1,76,97.741,96,64,138,74,122
2012-09-10,Model 1,74,92.7274,91,60,132,70,116
2012-09-17,Model 1,72,93.0868,92,60.97500000000001,132,71,117
2012-09-24,Model 1,100,91.6278,91,60,129,69,116
2012-10-01,Model 1,104,87.5344,87,56,125,66,110
2012-10-08,Model 1,123,88.7948,87,58,126,67,112
2012-10-15,Model 1,105,103.3676,102,67,147,78,130
2012-10-22,Model 1,84,115.825,115,76,164,88,145
2012-10-29,Model 1,104,117.8284,116,78,165,90.90000000000003,147
2012-11-05,Model 1,100,105.6468,104,68,151,81,133
2012-11-12,Model 1,88,85.879,85,55,121,65,108
2012-11-19,Model 1,100,79.4166,78,51,113,60,100
2012-11-26,Model 1,80,86.9234,86,56,125,65,110
2012-12-03,Model 1,78,89.59,88,58,128,68,113
2012-12-10,Model 1,105,99.9678,99,65,141,76,126
2012-12-17,Model 1,94,104.6126,103,69,147.02499999999964,80,132
2012-12-24,Model 1,112,101.8188,101,67,143,77,128
2012-12-24,Model 1,112,112.5672,111,75,158,86,141
2012-12-24,Model 1,112,114.846,113,77,162,87,144
2012-12-24,Model 1,112,110.413,109,72,155,84,138
2012-12-24,Model 1,112,107.9224,107,71,152.02499999999964,82,135
2012-12-24,Model 1,112,107.694,107,71,152,82,135
2012-12-24,Model 1,112,114.8252,113,76.97500000000001,160,88,143
2012-12-24,Model 1,112,130.6106,129,87,182,101,163
2013-01-07,Model 1,134,155.3816,153,105,216,120,193
2013-01-14,Model 1,205,181.6984,180,123,254,141,224
2013-01-21,Model 1,219,203.3534,201,137.97500000000002,283,158,252
2013-01-28,Model 1,267,231.0284,229,157,317,181,283
2013-02-04,Model 1,293,285.1198,282,197,386.02499999999964,224,349
2013-02-11,Model 1,322,308.3536,306,213,420,242.90000000000003,378
2013-02-18,Model 1,247,295.3998,292,203,405,232,364
2013-02-25,Model 1,296,284.764,283,194,391,223,350
2013-03-04,Model 1,249,287.4638,284,197,396,226,355
2013-03-11,Model 1,273,271.0776,268,188,370,213,334
2013-03-18,Model 1,308,274.3052,271,189,378,215,337
2013-03-25,Model 1,307,305.8826,303,212,416.02499999999964,240,375
2013-04-01,Model 1,316,344.8748,342,240,469,272,419.10000000000036
2013-04-08,Model 1,406,420.2226,417,291.975,572.0249999999996,332,515
2013-04-15,Model 1,492,466.2692,463,327,635.0249999999996,369,569
2013-04-22,Model 1,509,475.6974,471,334,645,377,579
2013-04-29,Model 1,538,516.4982,512,358,702.0249999999996,408,631
2013-05-06,Model 1,547,567.6866,562,397,776.0249999999996,451,692
2013-05-13,Model 1,558,585.2786,578,412,801.0249999999996,467,710
2013-05-20,Model 1,611,606.8064,600,424,827,481,739
2013-05-27,Model 1,640,642.9272,635,457,866.0249999999996,512,783
2013-06-03,Model 1,746,716.8366,710,504.975,975,568,876
2013-06-10,Model 1,814,787.704,778,558,1066.0249999999996,625.9000000000001,960
2013-06-17,Model 1,809,845.2412,837,603,1147,673,1026
2013-06-24,Model 1,842,864.912,856,616.95,1166.0249999999996,691,1050
2013-07-01,Model 1,806,787.1656,778,554,1058,624,957
2013-07-08,Model 1,678,629.1446,623,443,849.0249999999996,500,768
2013-07-15,Model 1,541,502.6472,498,350,690,397,614
2013-07-22,Model 1,390,426.028,421,296,584,338,520
2013-07-29,Model 1,306,370.6992,366,259,511,291,455
2013-08-05,Model 1,289,340.5734,337,238,469,270,418
2013-08-12,Model 1,256,319.0138,316,221,441,250,393
2013-08-19,Model 1,378,308.8992,306,215,419,244,377
2013-08-26,Model 1,341,322.918,319,222,441,254,397
2013-09-02,Model 1,386,344.7068,340,241,470,272,424
2013-09-09,Model 1,452,403.7992,400,281,554,319,491
2013-09-16,Model 1,339,423.3278,419.5,293,574.0499999999993,333,518
2013-09-23,Model 1,376,416.3586,412,290,570,329,511
2013-09-30,Model 1,406,440.499,436,307.975,598,349,539
2013-10-07,Model 1,441,400.9652,397,280,551,317,491
2013-10-14,Model 1,438,381.111,377,268,519,302,465
2013-10-21,Model 1,374,421.2242,417,288.975,577,331,514
2013-10-28,Model 1,495,465.4254,461,324,632.0249999999996,368,571
2013-11-04,Model 1,458,472.47,467,327.975,649,372,582.1000000000004
2013-11-11,Model 1,402,431.1618,426,299,589,339,530
2013-11-18,Model 1,444,416.514,413,290,568,331,510
2013-11-25,Model 1,365,404.1908,400,283,549,321,493
2013-12-02,Model 1,372,365.5836,363,255,492,288,446
2013-12-09,Model 1,347,364.2828,360,256,494,288,447
2013-12-16,Model 1,381,366.7146,363,251,499,288.90000000000003,450
2013-12-23,Model 1,371,387.9778,383,271.975,531.0249999999996,307,474
2013-12-30,Model 1,414,419.6978,416,291,571,330,515
2014-01-06,Model 1,437,425.5108,420,296,579,336,520
2014-01-13,Model 1,479,420.7688,417,292,567,333,514
2014-01-20,Model 1,401,390.8732,385,272,535,309,481
2014-01-27,Model 1,336,365.2974,362,252.97500000000002,499,288,446
2014-02-03,Model 1,234,336.659,333,234,459,265,412
2014-02-10,Model 1,274,296.8144,293,205,408,234,367
2014-02-17,Model 1,369,250.8422,248,173,344,197,308
2014-02-24,Model 1,194,206.4128,204,140.97500000000002,282,161,256
2014-03-03,Model 1,187,206.3526,203,141,286,161,257
2014-03-10,Model 1,210,259.4048,257,178.975,357,203,320
2014-03-17,Model 1,225,250.2702,248,171,342,196,307
2014-03-24,Model 1,210,203.7968,202,137,281,159.90000000000003,251
2014-03-31,Model 1,225,205.2828,203,141,282,161,253
2014-04-07,Model 1,240,222.165,220,152,303,174,274
2014-04-14,Model 1,245,233.4438,230,159.97500000000002,321.02499999999964,183,288
2014-04-21,Model 1,235,240.5236,237,166,331,189,297
2014-04-28,Model 1,282,265.597,263,182,364,208,326
2014-05-05,Model 1,251,290.7944,288,201,396,228,357
2014-05-12,Model 1,261,300.7088,297,209,406.02499999999964,237,368
2014-05-19,Model 1,291,334.5418,330.5,235,457.02499999999964,265,408
2014-05-26,Model 1,428,353.3842,350,241,484,279,435
2014-06-02,Model 1,456,366.6124,363,256,502,291,448
2014-06-09,Model 1,459,420.924,417,294,576.0249999999996,333,514
2014-06-16,Model 1,506,567.1536,561,396,773,450,692.1000000000004
2014-06-23,Model 1,551,700.3074,693,495,941,559,854.1000000000004
2014-06-30,Model 1,671,739.6462,730,525,1003,592,898
2014-07-07,Model 1,891,729.7568,722,513,990.0249999999996,581,889
2014-07-14,Model 1,819,696.9232,690,497,941.0249999999996,556,845
2014-07-21,Model 1,746,687.2454,681,481,922.0249999999996,548,835.1000000000004
2014-07-28,Model 1,634,707.6716,699.5,497,963,561,866
2014-08-04,Model 1,484,643.2212,636,453.97499999999997,882,508,786
2014-08-11,Model 1,545,525.1044,519,368,717.0249999999996,418,641
2014-08-18,Model 1,438,437.2682,434,306.975,596.0249999999996,346,533
2014-08-25,Model 1,418,378.312,374,265,518,301,462
2014-09-01,Model 1,367,377.2364,373,261,515.0249999999996,299,462
2014-09-08,Model 1,339,395.326,392,275,542,312,483
2014-09-15,Model 1,362,385.1634,381,268,527.0249999999996,304,473
2014-09-22,Model 1,397,377.1722,373,263,515,298,461
2014-09-29,Model 1,345,335.1542,332.5,234,455,265,408
2014-10-06,Model 1,339,315.6224,312,219,427,249,385
2014-10-13,Model 1,278,302.8578,299,208,418.02499999999964,238,372
2014-10-20,Model 1,297,269.46,266,185.97500000000002,371,211,332
2014-10-27,Model 1,213,231.7954,229,159,319,182,286
2014-11-03,Model 1,186,199.6092,197,136,275,155,247
2014-11-10,Model 1,169,190.5778,189,129,266,147,237
2014-11-17,Model 1,158,175.9068,174,119,243,136,218.10000000000036
2014-11-24,Model 1,149,159.6528,158,109,222,124,198
2014-12-01,Model 1,162,160.1336,159,108,223,124,199
2014-12-08,Model 1,212,164.235,162,111,228,127,204
2014-12-15,Model 1,177,172.7386,170,117,242,134,216
2014-12-22,Model 1,198,188.424,187,128,260,146,233
2014-12-29,Model 1,188,226.2464,223,154,314,176,279
2015-01-05,Model 1,158,231.574,229,157,320.02499999999964,180,287
2015-01-05,Model 1,257,227.841,225,157,314,179,279
2015-01-12,Model 1,228,217.711,215,149,301,170,270
2015-01-19,Model 1,237,194.6292,193,132,270,151,240
2015-01-26,Model 1,259,214.8114,212.5,146,296,168,266
2015-02-02,Model 1,212,223.4086,221,154,310,174,277
2015-02-09,Model 1,173,203.4806,202,138,282,158,252
2015-02-16,Model 1,100,195.7932,194,135,271,153,242
2015-02-23,Model 1,172,170.887,169,117,238,133,212
2015-03-02,Model 1,190,136.5524,135,91,190,105,170
2015-03-09,Model 1,110,99.6786,99,65,141,76,125
2015-03-16,Model 1,91,102.758,102,68,145,78,129
2015-03-23,Model 1,130,129.4302,128,86,183,99,161
2015-03-30,Model 1,91,124.6734,123,83,175,96,156
2015-04-06,Model 1,107,106.5554,105,71,148,82,134
2015-04-13,Model 1,137,117.8756,117,79,165.02499999999964,91,147
2015-04-20,Model 1,113,120.1618,119,79,167,93,149
2015-04-27,Model 1,120,120.6516,119,79,171,92,151
2015-05-04,Model 1,135,136.5678,135,93,192,105,170
2015-05-11,Model 1,158,137.0618,135,92,190,106,171
2015-05-18,Model 1,109,135.9466,135,90,190,104,169
2015-05-25,Model 1,180,152.0064,150,102,211.02499999999964,117,190
2015-06-01,Model 1,152,178.7514,177,120,249,138,222
2015-06-08,Model 1,193,180.3808,179,123,248,142,221.10000000000036
2015-06-15,Model 1,207,209.8182,208,143,289,164,258
2015-06-22,Model 1,240,233.6866,231,160,323,182,288
2015-06-29,Model 1,242,248.7848,246,169,343,195,306
2015-07-06,Model 1,272,265.2478,263,182,364,208,328
2015-07-13,Model 1,263,264.9426,262,183,362.02499999999964,208,325
2015-07-20,Model 1,293,253.329,249,174,352.02499999999964,198,314
2015-07-27,Model 1,250,251.636,249,175,342,199,309
2015-08-03,Model 1,226,247.3734,244.5,170.975,337,195,304
2015-08-10,Model 1,221,254.2438,251,173,348,199,314
2015-08-17,Model 1,250,248.6238,246,171,344.02499999999964,196,304
2015-08-24,Model 1,225,234.7222,232,163,319,185,288
2015-08-31,Model 1,246,232.537,230,159,320,182,286
2015-09-07,Model 1,217,241.1226,239,167.97500000000002,332,189,297
2015-09-14,Model 1,303,241.8966,239,166,331,190,297
2015-09-21,Model 1,214,242.0872,240,167,331.02499999999964,189,298.10000000000036
2015-09-28,Model 1,257,236.9634,235,162,328,185,292
2015-10-05,Model 1,235,261.6936,259,181,361,205,321
2015-10-12,Model 1,235,253.8434,251,176.97500000000002,345,200,312
2015-10-19,Model 1,224,238.9946,236,166,328.02499999999964,187,294
2015-10-26,Model 1,246,239.4886,237,163,330.02499999999964,186,295
2015-11-02,Model 1,266,231.5612,229,161,319,181,286
2015-11-09,Model 1,198,226.1372,224,156,312.02499999999964,178,277
2015-11-16,Model 1,254,240.5442,238,167,328.02499999999964,188,296
2015-11-23,Model 1,286,278.4284,275,192,383,219,342
2015-11-30,Model 1,259,280.7738,278,195.97500000000002,383.02499999999964,221,344
2015-12-07,Model 1,357,313.4058,310,215,427,245,387
2015-12-14,Model 1,333,390.317,386,274,533,308,478.10000000000036
2015-12-21,Model 1,372,436.4896,432,304,598,345,532
2016-01-04,Model 1,549,504.5422,499,352,690,400,619
2016-01-11,Model 1,628,539.997,533,377,733,429,661
2016-01-18,Model 1,636,523.2034,518,371,710,417,636
2016-01-25,Model 1,630,590.0512,585,412.975,801,466,718.1000000000004
2016-02-01,Model 1,530,635.2056,628,446,865.0249999999996,506,778
2016-02-08,Model 1,420,611.0482,604,429.97499999999997,824.0249999999996,487.90000000000003,743
2016-02-15,Model 1,593,550.4296,546,383,750,436,671
2016-02-22,Model 1,512,470.2254,464,329,639,371.90000000000003,576
2016-02-29,Model 1,412,389.1978,385,274,528,308,476
2016-03-07,Model 1,397,396.2444,392,277,540,313.90000000000003,487
2016-03-14,Model 1,374,410.4176,407,282.975,558,323,500.10000000000036
2016-03-21,Model 1,308,359.1306,355,251,491,284,440
2016-03-28,Model 1,377,313.852,310,216,432.02499999999964,247,386
2016-04-04,Model 1,292,288.7086,286,199,395,227,354
2016-04-11,Model 1,225,259.3914,258,180.97500000000002,352,203,316
2016-04-18,Model 1,231,257.9222,255,177,354,202,317
2016-04-25,Model 1,244,245.6216,243,169,336,194,303
2016-05-02,Model 1,181,206.7788,204,141,288,162,256
2016-05-09,Model 1,217,188.8038,186,130,260,148,233
2016-05-16,Model 1,212,196.5616,195,136,268,153.90000000000003,242.10000000000036
2016-05-23,Model 1,198,192.5494,191,131,267,150,237
2016-05-30,Model 1,220,194.8532,192,133,270,152,242
2016-06-06,Model 1,160,215.7806,213,146.975,297,169,267
2016-06-13,Model 1,193,225.899,223,154,312,176.90000000000003,278.10000000000036
2016-06-20,Model 1,215,229.984,228,158,318,178,282
2016-06-27,Model 1,234,213.5138,211,147,296.02499999999964,167,263
2016-07-04,Model 1,247,201.1368,198,135,281,156,249.10000000000036
2016-07-11,Model 1,223,219.868,217,151,302.02499999999964,171,273
2016-07-18,Model 1,266,233.7526,231,159,322,183,288
2016-07-25,Model 1,222,239.8458,236,165,332,188,296
2016-08-01,Model 1,211,239.4812,237,162,330,187,294.10000000000036
2016-08-08,Model 1,198,259.6044,257,178,359,202,320
2016-08-15,Model 1,222,266.9902,264,184,369,209,328
2016-08-22,Model 1,274,239.6602,238,165,328,187,294
2016-08-29,Model 1,311,218.1884,217,149,297,170,266
2016-09-05,Model 1,242,205.8984,204,142,284,161,254
2016-09-12,Model 1,174,212.3168,210,144,290,166,261
2016-09-19,Model 1,173,212.9876,211,145,295,166,263
2016-09-26,Model 1,138,176.2572,173,120.97500000000001,244,137,218
2016-10-03,Model 1,125,128.1526,126,85,181,98,161
2016-10-10,Model 1,94,102.8358,101,68,145,78,129
2016-10-17,Model 1,108,90.6066,89,59,130,69,115
2016-10-24,Model 1,84,85.0432,84,55.97500000000001,121,64,108
2016-10-31,Model 1,86,81.8586,81,52,117,61,103
2016-11-07,Model 1,84,82.4554,82,52,120,61,105
2016-11-14,Model 1,72,83.8884,83,54,120,63,106
2016-11-21,Model 1,75,82.5994,82,53,119,62,104
2016-11-28,Model 1,86,79.3398,78,51,114,59,101
2016-12-05,Model 1,59,73.604,73,47,105,55,93
2016-12-12,Model 1,81,70.6282,70,45,103,52,90
2016-12-19,Model 1,72,73.8094,73,47,105,55,94
2017-01-02,Model 1,70,70.5104,70,45,102,53,89
2017-01-09,Model 1,91,74.2498,73,46,107,55,95
2017-01-16,Model 1,75,78.2476,77,50,112,59,99
2017-01-23,Model 1,66,75.5898,74,48,109,56,96
2017-01-30,Model 1,62,77.5004,76,50,112,58,99
2017-02-06,Model 1,77,69.3154,68,43,100,51,89
2017-02-13,Model 1,53,54.168,53,33,80,39,70
2017-02-20,Model 1,54,44.7454,44,27,67,32,58
2017-02-27,Model 1,41,43.9806,43,26,65,32,57
2017-03-06,Model 1,32,41.7388,41,25,63,30,54
2017-03-13,Model 1,35,40.1822,40,23,60,29,53
2017-03-20,Model 1,32,39.3624,39,23,60,28,51
2017-03-27,Model 1,50,36.6964,36,21,56,26,48
2017-04-03,Model 1,37,36.6358,36,21,55,26,48
2017-04-10,Model 1,32,37.6254,37,22,57,26,50
2017-04-17,Model 1,51,44.457,44,27,66,32,58
2017-04-24,Model 1,37,44.307,44,26,66,32,58
2017-05-01,Model 1,42,38.397,38,22,58,27,51
2017-05-08,Model 1,48,45.329,45,27,68,33,59
2017-05-15,Model 1,50,49.6508,49,30,73,36,64
2017-05-22,Model 1,50,53.5268,53,32.97500000000001,79,39,69
2017-05-29,Model 1,66,62.628,62,39,91,46,80
2017-06-05,Model 1,62,69.6072,69,44,100,52,89
2017-06-12,Model 1,80,68.7494,68,43,99,51,87
2017-06-19,Model 1,73,70.557,70,45,102,53,90
2017-06-26,Model 1,75,66.6004,65,42,97,49,85
2017-07-03,Model 1,63,65.0648,64,42,93.02499999999964,49,83
2017-07-10,Model 1,53,64.0102,63,40,93,47,82
2017-07-17,Model 1,51,63.0514,62,39,92,46,81
2017-07-24,Model 1,67,60.2152,59,37,88,44,78
2017-07-31,Model 1,60,55.041,54,34,81,40,71
2017-08-07,Model 1,56,51.7996,51,32,76,38,67
2017-08-14,Model 1,53,54.5336,54,33,81,40,70
2017-08-21,Model 1,52,53.7794,53,33,79,39,69
2017-08-28,Model 1,33,47.9022,47,28,71,35,62
2017-09-04,Model 1,40,45.1874,45,27,67,33,58
2017-09-11,Model 1,53,44.5918,44,27,66,32,58
2017-09-18,Model 1,59,40.8232,40,24,62,29,53
2017-09-25,Model 1,39,43.7298,43,26,65,31,57
2017-10-02,Model 1,52,60.5644,60,37,87,45,78
2017-10-09,Model 1,55,75.077,74,48,108,56,95
2017-10-16,Model 1,63,66.0296,65,41,96,49,84
2017-10-23,Model 1,77,55.9346,55,34,82,41,72
2017-10-30,Model 1,62,50.909,50,31,75,37,66
2017-11-06,Model 1,44,45.941,45,27.97500000000001,68,33,60
2017-11-13,Model 1,50,45.9206,45,27,69,33,60
2017-11-20,Model 1,24,45.7422,45,27,69,33,60
2017-11-27,Model 1,38,41.0516,40,25,61,29,54
2017-12-04,Model 1,34,44.0534,43,26,66,32,57
2017-12-11,Model 1,40,41.36,41,24,62,30,54
2017-12-18,Model 1,51,44.155,44,26.97500000000001,66,32,57
2017-12-25,Model 1,66,50.624,50,31,76,37,65
2017-12-25,Model 1,66,55.4086,54,34,81,40,71
2017-12-25,Model 1,66,63.9466,63,40,92,48,82
2017-12-25,Model 1,66,73.7314,73,47,105,55,93
2017-12-25,Model 1,66,77.0124,76,49,111,58,98
2017-12-25,Model 1,66,74.1118,73,47,107,55,94
2017-12-25,Model 1,66,70.636,70,45,102,52,90
2017-12-25,Model 1,66,67.2412,66,43,97,50,86
2018-01-01,Model 1,83,63.133,62,40,93,47,81
2018-01-08,Model 1,68,59.2432,58,37,87,43.900000000000034,76
2018-01-15,Model 1,54,56.21,55,35,84,41,72
2018-01-22,Model 1,45,58.6668,58,36,85,43,75
2018-01-29,Model 1,48,56.704,56,35,84,42,73
2018-02-05,Model 1,50,48.9244,48,29,73,35,63
2018-02-12,Model 1,28,40.3638,40,24,60,29,53
2018-02-19,Model 1,39,38.4302,38,22,58,27,50
2018-02-26,Model 1,51,39.6846,39,23,60,28,52
2018-03-05,Model 1,37,33.8434,33,19,52,24,45
2018-03-12,Model 1,39,31.5494,31,18,48,22,42
2018-03-19,Model 1,36,39.446,39,23,59,28,52
2018-03-26,Model 1,24,41.9004,41,24.97500000000001,63,30,55
2018-04-02,Model 1,38,43.0644,43,25,64,31,56
2018-04-09,Model 1,38,45.6136,45,28,68,33,59
2018-04-16,Model 1,56,42.9754,43,25,64,31,56
2018-04-23,Model 1,56,48.5426,48,30,72,35,63
2018-04-30,Model 1,77,55.9076,55,34,82,41,72
2018-05-07,Model 1,62,65.6902,65,41,96,49,84
2018-05-14,Model 1,64,70.5372,69,45,103,53,90
2018-05-21,Model 1,65,74.9712,74,47.97500000000001,109,56,95
2018-05-28,Model 1,54,70.3248,69,44,102,52,90
2018-06-04,Model 1,75,62.4058,62,39,91,46,79
2018-06-11,Model 1,55,62.1248,61,39,91,46,79
2018-06-18,Model 1,61,58.0074,57,36,85,42,75
2018-06-25,Model 1,76,60.7358,60,38,87,45,78
2018-07-02,Model 1,58,55.9988,55,34,82,41,72
2018-07-09,Model 1,44,52.2138,52,32,76,38,67
2018-07-16,Model 1,41,57.744,57,36,85,42,74
2018-07-23,Model 1,56,57.5966,57,35,85,42,74
2018-07-30,Model 1,51,48.894,48,30,73,36,63
2018-08-06,Model 1,59,46.1506,45,28,68,33,60
2018-08-13,Model 1,43,56.3274,56,34,83,41,72
2018-08-20,Model 1,68,64.96,64,40,94,48,83
2018-08-27,Model 1,75,68.474,68,43,99,51,88
2018-09-03,Model 1,76,58.9348,58,36.97500000000001,86,43,76
2018-09-10,Model 1,49,57.1128,56,36,84,42,73
2018-09-17,Model 1,63,62.069,61,39,90,45,80
2018-09-24,Model 1,40,60.9216,60,38,89,45,78
2018-10-01,Model 1,51,53.8338,53,34,79,39,70
2018-10-08,Model 1,51,53.5486,53,33,79,39,69
2018-10-15,Model 1,62,55.784,55,34,82,41,72
2018-10-22,Model 1,78,58.8202,58,36,86,43,76
2018-10-29,Model 1,75,70.0736,69,45,100,52,88
2018-11-05,Model 1,71,84.2084,83,54,120,63,106
2018-11-12,Model 1,78,95.4566,94,62,136,73,120
2018-11-19,Model 1,97,98.1612,97,64,140,74,123
2018-11-26,Model 1,109,92.7564,92,61,132,70,116
2018-12-03,Model 1,115,96.206,95,63,136,73,121
2018-12-10,Model 1,108,118.0554,116,79,165,91,148
2018-12-17,Model 1,128,150.0996,149,101,211,116,186
2018-12-24,Model 1,160,178.3168,177,120,248,138,221
2019-01-07,Model 1,207,186.759,185,126.97500000000001,261,144,231
2019-01-14,Model 1,245,194.0332,192,133,268,151,240
2019-01-21,Model 1,215,205.5388,203,142,285,160,253
2019-01-28,Model 1,222,219.8774,218,151,305,172,270.10000000000036
2019-02-04,Model 1,182,227.453,224,155,315,180,281
2019-02-11,Model 1,138,209.5556,207,142,291.02499999999964,163,257
2019-02-18,Model 1,235,187.8386,186,126,261,146,233
2019-02-25,Model 1,182,163.2838,161,109,227,127,203
2019-03-04,Model 1,157,132.0276,131,87,187,101,165
2019-03-11,Model 1,134,142.7058,141,95,199,111,177
2019-03-18,Model 1,109,144.8834,143,95,202,111,181
2019-03-25,Model 1,97,123.0126,122,80.97500000000001,174,94,154
2019-04-01,Model 1,100,106.4874,105,70,151,81,134
2019-04-08,Model 1,108,99.843,99,66,141,76,125
2019-04-15,Model 1,125,103.5712,102,68,148,79,130
2019-04-22,Model 1,135,125.487,124,83,175,97,156
2019-04-29,Model 1,157,167.806,166,112,233,129,209
2019-05-06,Model 1,194,223.3416,221,154,308,175,274
2019-05-13,Model 1,287,268.2076,265,185,368,211,330
2019-05-20,Model 1,309,302.7436,299,209,410.02499999999964,239,371
2019-05-27,Model 1,378,327.7478,325,228,444.02499999999964,260,402
2019-06-03,Model 1,401,380.3582,376,264,520,300,463
2019-06-10,Model 1,400,415.1172,410,291,560.0249999999996,330,508
2019-06-17,Model 1,467,444.7244,440,312.975,604.0249999999996,352,545
2019-06-24,Model 1,433,489.8556,484,343,667,388,600
2019-07-01,Model 1,497,536.052,529,375,731.0249999999996,425,654
2019-07-08,Model 1,593,581.263,576,407,786,460.90000000000003,707
2019-07-15,Model 1,663,601.1688,596,419.975,813,477,734
2019-07-22,Model 1,646,592.7652,587,415,802,470,725.1000000000004
2019-07-29,Model 1,605,615.415,608,435,837,484,756
2019-08-05,Model 1,599,620.8288,615,438,844.0249999999996,493,754
2019-08-12,Model 1,523,581.4476,573,407.975,800,461,710.1000000000004
2019-08-19,Model 1,524,512.5192,506.5,361,700,408,628
2019-08-26,Model 1,474,457.9384,453,318,622.0249999999996,362,561
2019-09-02,Model 1,414,409.3056,405,287,560,325,501
2019-09-09,Model 1,327,371.9124,367,258,512,294,455
2019-09-16,Model 1,317,336.2948,332,235,460,263,414
2019-09-23,Model 1,301,299.7654,296,209,413,236,368.10000000000036
2019-09-30,Model 1,261,250.9494,248.5,173,346,197,309
2019-10-07,Model 1,246,233.9008,231,161,323,183.90000000000003,286
2019-10-14,Model 1,227,241.9832,239,165.97500000000002,334,189,298.10000000000036
2019-10-21,Model 1,239,260.943,258,180.97500000000002,359,205,320
2019-10-28,Model 1,242,279.984,277,193,383.02499999999964,220,344
2019-11-04,Model 1,308,296.3614,293,205,404,235,363
2019-11-11,Model 1,322,305.2348,302,213,418.02499999999964,242,374
2019-11-18,Model 1,373,311.4054,309,215,424.02499999999964,246,381
2019-11-25,Model 1,331,315.3726,312,219,430,248,387
2019-12-02,Model 1,295,309.5846,307,215,420,243,379
2019-12-09,Model 1,281,306.4186,304,213,416,243,374
2019-12-16,Model 1,257,293.0602,290,203,401,231,360
2019-12-23,Model 1,226,271.4272,269,187,375.02499999999964,212,335
2019-12-30,Model 1,290,273.4526,271,188,374,216,335
2020-01-06,Model 1,303,295.126,292,201,403,233,361.10000000000036
2020-01-13,Model 1,343,298.4632,296,206,407,235,366
2020-01-20,Model 1,404,337.6228,334,232,462,267,415
2020-01-27,Model 1,309,377.0666,373,262,511,298.90000000000003,462
2020-02-03,Model 1,370,407.2132,402,284,553,323,500
2020-02-10,Model 1,400,421.6548,418,292.975,576,334,515
2020-02-17,Model 1,380,376.349,371,263,512,298,460
2020-02-24,Model 1,381,351.9546,348,246,484,277,433
2020-03-02,Model 1,374,371.9156,368,260,508,293,454
2020-03-09,Model 1,375,376.5068,372,263,513.0249999999996,296,463.10000000000036
2020-03-16,Model 1,389,373.8426,369,258,515.0249999999996,296,457
2020-03-23,Model 1,368,370.9944,367,259,506,294,455
2020-03-30,Model 1,377,367.7242,364,255,503,289.90000000000003,452.10000000000036
2020-04-06,Model 1,315,365.6596,361,253.97500000000002,499,288,448
2020-04-13,Model 1,343,367.0042,365,253,501,290,448
2020-04-20,Model 1,360,369.2866,366,254,505.02499999999964,290,454
2020-04-27,Model 1,400,362.284,359,253,494,284,444
2020-05-04,Model 1,390,384.3472,380,267,524,304,471
2020-05-11,Model 1,507,447.369,443,312,608,353.90000000000003,547
2020-05-18,Model 1,526,549.8886,544.5,382.975,741.0249999999996,437,670
2020-05-25,Model 1,619,645.7804,639,452.975,870,516,782
2020-06-01,Model 1,732,789.1368,780,557,1072,627,961
2020-06-08,Model 1,868,925.4544,918,652.9749999999999,1251.0249999999996,740,1120.1000000000004
2020-06-15,Model 1,1153,1054.477,1041,747,1431.074999999999,841,1280
2020-06-22,Model 1,1371,1190.6758,1180,851,1605.0499999999993,950.9,1449
2020-06-29,Model 1,1460,1337.57,1326,946.975,1789.0249999999996,1071,1615
2020-07-06,Model 1,1448,1536.604,1519,1088.975,2075.0249999999996,1232,1862
2020-07-13,Model 1,1667,1740.6128,1727.5,1224,2343,1388,2121
2020-07-20,Model 1,1729,1765.934,1752,1274,2379,1408,2148
2020-07-27,Model 1,1792,1645.2342,1627,1163.95,2209.0249999999996,1314,2002
2020-08-03,Model 1,1378,1639.2458,1628,1161,2187.0249999999996,1310,1982
2020-08-10,Model 1,1667,1578.023,1560,1114.9750000000001,2108.0249999999996,1261,1918.1000000000004
2020-08-17,Model 1,1339,1460.4506,1447,1034.9750000000001,1969.0249999999996,1163,1780
2020-08-24,Model 1,1287,1208.582,1196,856,1643,968,1474
2020-08-31,Model 1,1154,1043.7956,1030,737,1412.0249999999996,836,1272
2020-09-07,Model 1,938,934.8808,925,657,1272,746,1137.1000000000004
2020-09-14,Model 1,725,821.7656,815,580,1109,655,997.1000000000004
2020-09-21,Model 1,671,751.5582,744,531,1021.0249999999996,594,918
2020-09-28,Model 1,591,685.697,678,480.975,926,544,835
2020-10-05,Model 1,605,601.8812,596,423,812.0249999999996,480,733.1000000000004
2020-10-12,Model 1,529,550.8758,545,386,749,436,672.1000000000004
2020-10-19,Model 1,592,524.913,518,369.975,715,416,643
2020-10-26,Model 1,565,501.8474,497,353.975,686,397,614
2020-11-02,Model 1,440,454.984,451,317,613,360,555
2020-11-09,Model 1,408,418.4898,414,291,571,331,513
2020-11-16,Model 1,355,388.2682,384.5,272.975,526,307,474
2020-11-23,Model 1,258,323.1842,319,223,442,254,397
2020-11-30,Model 1,279,275.6254,273,187,378,216,338
2020-12-07,Model 1,228,244.028,242,166,336.02499999999964,190.90000000000003,300
2020-12-14,Model 1,227,216.1742,214,150,296,169,265
2020-12-21,Model 1,236,206.194,204,140.97500000000002,286,161,256
2021-01-04,Model 1,194,197.5152,195,135,273,154,245
2021-01-04,Model 1,194,188.9792,187,128.97500000000002,262,147,234
2021-01-11,Model 1,166,187.621,185,128,261,146,231
2021-01-18,Model 1,152,167.316,166,113,233,129,207
2021-01-25,Model 1,135,157.2688,155,106,221,122,195
2021-02-01,Model 1,141,144.8972,144,97,202,112,179
2021-02-08,Model 1,143,133.6826,132,90,187,103,166
2021-02-15,Model 1,148,130.5624,129,87,181.02499999999964,100,163
2021-02-22,Model 1,146,135.5594,134,91,188,105,169
2021-03-01,Model 1,140,144.5766,143,98,198,112,180
2021-03-08,Model 1,145,149.3568,148,100.97500000000001,209,115.90000000000003,186
2021-03-15,Model 1,129,144.3166,143,97,200,112,179
2021-03-22,Model 1,120,129.9768,128,86,184,100,162
2021-03-29,Model 1,113,118.55,117,79,165,92,148
2021-04-05,Model 1,102,109.2692,108,74,153,84,137
2021-04-12,Model 1,112,100.906,100,67,142,77,126
2021-04-19,Model 1,129,99.2256,98,65,139,76,124
2021-04-26,Model 1,84,100.7176,100,66,142,77,126
2021-05-03,Model 1,117,111.136,110,74,156,85,139
2021-05-10,Model 1,92,132.1706,130.5,88,185,102,164.10000000000036
2021-05-17,Model 1,119,123.734,122,82,174,95,154
2021-05-24,Model 1,130,121.0326,120,81,171,92,151
2021-05-31,Model 1,118,116.998,115,78,163,90,146
2021-06-07,Model 1,137,116.9146,116,77,163,89,146
2021-06-14,Model 1,135,125.0696,123,83,177,96.90000000000003,155.10000000000036
2021-06-21,Model 1,127,118.5046,117,80,166,92,148
2021-06-28,Model 1,112,116.9424,116,77.97500000000001,165,90,146
2021-07-05,Model 1,104,115.952,115,77,162,88,145
2021-07-12,Model 1,75,106.6354,105,70,151.02499999999964,81,134
2021-07-19,Model 1,80,90.0188,89,57,128,68,113
2021-07-26,Model 1,82,76.3736,75,49,110,57,97
2021-08-02,Model 1,70,62.8438,62,39,91,47,80
2021-08-09,Model 1,81,55.7166,55,34,82,41,71
2021-08-16,Model 1,56,59.0114,58,36,86,44,76
2021-08-23,Model 1,53,64.0106,63,40,92,47,82
2021-08-30,Model 1,46,76.1296,75,48,109,56,97
2021-09-06,Model 1,61,79.626,79,51,115,60,100
2021-09-13,Model 1,74,77.519,77,49,112,58,98
2021-09-20,Model 1,110,73.8486,73,46,105,55,93
2021-09-27,Model 1,105,78.715,78,51,112,59,99
2021-10-04,Model 1,104,87.8316,87,57,125,67,110
2021-10-11,Model 1,85,102.7436,102,67,146,78,130
2021-10-18,Model 1,76,98.5748,97,65,141,75,125
2021-10-25,Model 1,75,84.9448,84,55,122,64,108
2021-11-01,Model 1,59,64.9404,64,41,95,48,83
2021-11-08,Model 1,42,52.5098,52,33,78,39,67
2021-11-15,Model 1,56,50.6874,50,30,75,37,66
2021-11-22,Model 1,63,48.1866,48,30,71,35,62
2021-11-29,Model 1,48,46.9832,46,28,69,34,61
2021-12-06,Model 1,65,56.9784,56,35,83.02499999999964,42,73
2021-12-13,Model 1,61,80.8106,80,51,116,60,102
2021-12-20,Model 1,68,94.4838,93,61,134,72,119
2022-01-03,Model 1,106,110.891,110,72.97500000000001,155,85,138
2022-01-10,Model 1,146,122.029,120,81,171,93,153
2022-01-17,Model 1,180,124.545,123.5,84,173,96,155
2022-01-24,Model 1,171,146.7478,145,98,203,113,182
2022-01-31,Model 1,154,183.552,182,124,255,142,227
2022-02-07,Model 1,169,211.5386,209,145.97500000000002,292,165,260
2022-02-14,Model 1,206,222.549,220,153,309.02499999999964,173,276
2022-02-21,Model 1,201,221.83,219,152,305,173,275
2022-02-28,Model 1,263,244.105,241,168,341,191,301
2022-03-07,Model 1,369,312.9308,308,215,431,246,384
2022-03-14,Model 1,421,365.2184,363,252,494,287,446.10000000000036
2022-03-21,Model 1,441,449.1426,445,314,613,356,549
2022-03-28,Model 1,510,589.3652,583,417,796.0249999999996,468,718
2022-04-04,Model 1,643,690.5806,684,485,942.0249999999996,546,845
2022-04-11,Model 1,734,727.1326,720,517,984,582,885
2022-04-18,Model 1,942,771.3584,761,543.95,1061.0249999999996,612,942
2022-04-25,Model 1,1003,904.9322,894,647,1230,724,1101
2022-05-02,Model 1,846,1084.9452000000001,1072,772,1466,867,1318
2022-05-09,Model 1,1315,1293.0678,1283,921.95,1756,1027,1571.1000000000004
2022-05-16,Model 1,1276,1425.95,1404,1013.975,1917,1143,1730.1000000000004
2022-05-23,Model 1,1567,1320.6858,1305,940.9749999999999,1765.0249999999996,1053,1613
2022-05-30,Model 1,1454,1374.5618,1360,974,1864.0249999999996,1096,1661
2022-06-06,Model 1,1460,1377.4614,1362,980.9749999999999,1852.0499999999993,1099,1670.1000000000004
2022-06-13,Model 1,1254,1374.3388,1358.5,971,1852.0249999999996,1096,1678
2022-06-20,Model 1,1172,1293.9104,1283,905.975,1760,1028.9,1575
2022-06-27,Model 1,1187,1200.4108,1191,842.975,1635,958,1463
2022-07-04,Model 1,1164,1119.0234,1105,790.975,1521,890,1365
2022-07-11,Model 1,918,1037.1606,1027,720.975,1406,823,1260
2022-07-18,Model 1,1036,1032.2002,1022,731.9749999999999,1386.0499999999993,826,1251
2022-07-25,Model 1,1092,997.3822,989,698,1340,795,1212
2022-08-01,Model 1,896,883.6916,873,619,1205,703,1082
2022-08-08,Model 1,879,807.0502,799,566,1094.0249999999996,639.9000000000001,980
2022-08-15,Model 1,679,809.7398,801,566,1111.0249999999996,641,988
2022-08-22,Model 1,662,725.293,716,511,992,576,886.1000000000004
2022-08-29,Model 1,581,638.0862,633,454,861,509,773
2022-09-05,Model 1,570,541.084,535,383.975,731.0249999999996,430,660
2022-09-12,Model 1,544,494.3246,489,346,673.0249999999996,393,604
2022-09-19,Model 1,472,469.9962,464,333,643.0249999999996,374,576
2022-09-26,Model 1,426,449.9184,446,315,612,356,551
2022-10-03,Model 1,397,436.9382,432,306,598,345,535
2022-10-10,Model 1,376,400.8012,396,277,549,316,491
2022-10-17,Model 1,373,359.414,355,250,489,283.90000000000003,439
2022-10-24,Model 1,314,323.3912,320,224,445,253,399
2022-10-31,Model 1,318,311.267,308,216,425,247,381.10000000000036
2022-11-07,Model 1,294,303.1396,299,209,413,238,374
2022-11-14,Model 1,315,289.1142,286,198.975,397,227,355
2022-11-21,Model 1,265,284.0196,281,197,390,223,349
2022-11-28,Model 1,242,286.518,283,196,396,225,354
2022-12-05,Model 1,327,300.611,297,209,413,235,368
2022-12-12,Model 1,290,284.4968,281,195,387.02499999999964,224,349
2022-12-19,Model 1,270,263.1474,259,183,367.02499999999964,206,324
2022-12-26,Model 1,285,295.5804,291,197,416,228,369
2012-03-12,Model 2,64,65.9032,65,40,97,48,85
2012-03-19,Model 2,73,56.817,56,35,83,41,74
2012-03-26,Model 2,48,55.2792,55,34,81,40,71
2012-04-02,Model 2,52,64.7666,64,40,93.02499999999964,48,83
2012-04-09,Model 2,82,80.2934,79,51,116,60,102
2012-04-16,Model 2,77,74.4964,74,47,106,56,94
2012-04-23,Model 2,64,67.3052,66,43,97,50,86
2012-04-30,Model 2,88,79.6824,79,51,113,60,101
2012-05-07,Model 2,97,86.1838,85,56,123,65,109
2012-05-14,Model 2,80,77.699,77,50,112,58,98
2012-05-21,Model 2,80,82.024,81,53,118,61,104
2012-05-28,Model 2,81,99.5344,98,65,141,76,125
2012-06-04,Model 2,100,104.2042,103,68,149,79,131
2012-06-11,Model 2,88,104.5594,103,68,149,79,131
2012-06-18,Model 2,129,110.9162,109,73,158,84,139
2012-06-25,Model 2,151,123.7328,122,83,173,95,154
2012-07-02,Model 2,140,123.074,122,82,173,94,154
2012-07-09,Model 2,132,129.8554,128,87,181.02499999999964,100,162
2012-07-16,Model 2,125,143.1286,142,96,199,110,177
2012-07-23,Model 2,110,135.7346,133,90,190,104,169
2012-07-30,Model 2,94,121.6792,120,81.97500000000001,171,93,152
2012-08-06,Model 2,127,108.8708,107,71,154,83,137
2012-08-13,Model 2,115,96.524,96,63,137,73,121
2012-08-20,Model 2,92,85.144,84,54,122,64,108
2012-08-27,Model 2,102,91.7606,91,60,131,70,116
2012-09-03,Model 2,76,98.1796,97,64,140,74,123
2012-09-10,Model 2,74,92.4702,91,60,133,70,117
2012-09-17,Model 2,72,93.4702,92,61,132,71,118
2012-09-24,Model 2,100,91.884,90,59,131,70,117
2012-10-01,Model 2,104,87.44,87,57,123,66,110
2012-10-08,Model 2,123,89.2188,88,59,127,68,112
2012-10-15,Model 2,105,103.5772,102,67,145,79,130
2012-10-22,Model 2,84,116.5704,115,77,164,89,146
2012-10-29,Model 2,104,117.6738,116,77,168,89,148
2012-11-05,Model 2,100,106.098,105,70,150,81,133
2012-11-12,Model 2,88,86.0456,85,55,121,65,109
2012-11-19,Model 2,100,79.438,78,51,114,59,101
2012-11-26,Model 2,80,86.6014,86,56,124,65,110
2012-12-03,Model 2,78,89.4056,88,58,127,68,113
2012-12-10,Model 2,105,99.8238,99,66,142,75,126.10000000000036
2012-12-17,Model 2,94,104.3614,103,69,146,80,130
2012-12-24,Model 2,112,101.753,100,67,144,78,128
2012-12-24,Model 2,112,112.429,111,74,157,86,140
2012-12-24,Model 2,112,114.6644,113,76,162,88,143
2012-12-24,Model 2,112,110.7186,109,73,156,85,139
2012-12-24,Model 2,112,107.5892,106.5,70,152,82,135
2012-12-24,Model 2,112,107.5614,106,71,153,82,135
2012-12-24,Model 2,112,114.5776,114,74,160,87,143
2012-12-24,Model 2,112,130.8698,129,87,183,100,163
2013-01-07,Model 2,134,155.018,153,105,214,120,192
2013-01-14,Model 2,205,181.1946,179,122,251,142,224
2013-01-21,Model 2,219,203.2186,200,139,281,159,250
2013-01-28,Model 2,267,231.949,230,160,319,182,283
2013-02-04,Model 2,293,285.0662,283,197,390.02499999999964,225,351
2013-02-11,Model 2,322,309.1706,306,214,422,241,380
2013-02-18,Model 2,247,295.6036,292,205,400.02499999999964,233,363
2013-02-25,Model 2,296,284.8556,282,198,392,223,351
2013-03-04,Model 2,249,286.8472,284,198,395,225,353
2013-03-11,Model 2,273,269.3856,267,185,367.02499999999964,211,332
2013-03-18,Model 2,308,273.3638,271,187,379,215,334
2013-03-25,Model 2,307,305.9996,303,210,421,242,374
2013-04-01,Model 2,316,344.3572,341,241.97500000000002,468.02499999999964,272,422.10000000000036
2013-04-08,Model 2,406,419.3792,415,291,576,330,513
2013-04-15,Model 2,492,465.9948,460,328,639,368,571
2013-04-22,Model 2,509,475.9328,469,330,652,376,584
2013-04-29,Model 2,538,516.1312,511,359,702,410,629
2013-05-06,Model 2,547,565.9052,559,396,771.0249999999996,446,693
2013-05-13,Model 2,558,584.6814,579,413,795,465,714
2013-05-20,Model 2,611,609.5704,605,426.975,823.0249999999996,484,743
2013-05-27,Model 2,640,646.3788,639,452,881.0499999999993,514,789
2013-06-03,Model 2,746,718.5254,710,506,980,572,879
2013-06-10,Model 2,814,789.409,779.5,557,1071.0499999999993,630,961
2013-06-17,Model 2,809,845.4712,837,595,1150,674.9,1029
2013-06-24,Model 2,842,866.0544,857,606,1189,685,1056
2013-07-01,Model 2,806,792.4176,785,559.975,1083.0249999999996,632,963
2013-07-08,Model 2,678,629.4392,623,441,851.0249999999996,498,770
2013-07-15,Model 2,541,503.4492,499,355,680,401,611
2013-07-22,Model 2,390,424.4428,420,293,575.0249999999996,336,517
2013-07-29,Model 2,306,369.3832,366,256,507,290,454
2013-08-05,Model 2,289,341.356,338,238,466.02499999999964,269,418
2013-08-12,Model 2,256,320.368,316,221,439,252,393
2013-08-19,Model 2,378,309.6686,307,212,422,243.90000000000003,380
2013-08-26,Model 2,341,323.219,320,223,443,254,398
2013-09-02,Model 2,386,346.8502,343,244,472,276,425
2013-09-09,Model 2,452,404.9686,400,283,553.0249999999996,321,494
2013-09-16,Model 2,339,424.9578,419,295,586,337,518
2013-09-23,Model 2,376,415.5366,411,291,570,330,508.10000000000036
2013-09-30,Model 2,406,439.2748,436,307.975,598,346,535
2013-10-07,Model 2,441,399.6956,396,280.975,544,317,488
2013-10-14,Model 2,438,380.8428,377,266,522.0249999999996,300,466
2013-10-21,Model 2,374,421.8324,418,294,573.0249999999996,333,514
2013-10-28,Model 2,495,464.9174,459,326.975,636,369,569
2013-11-04,Model 2,458,473.2502,467,335,641,377,578
2013-11-11,Model 2,402,430.3734,425,297,591,340,530
2013-11-18,Model 2,444,417.4306,412,290.975,571.0249999999996,328.90000000000003,512
2013-11-25,Model 2,365,403.3762,399,283.975,548.0249999999996,321,492
2013-12-02,Model 2,372,363.6764,361,254,492,287,444
2013-12-09,Model 2,347,363.289,359,252,498.02499999999964,287,445
2013-12-16,Model 2,381,365.6442,362,254,500,287,448
2013-12-23,Model 2,371,388.5834,385,270.975,527,306.90000000000003,476
2013-12-30,Model 2,414,423.2222,419.5,293,582,332,521
2014-01-06,Model 2,437,428.4748,424,297,588,337,524
2014-01-13,Model 2,479,422.658,419,291,575,334,516
2014-01-20,Model 2,401,393.5398,390,271,539.0499999999993,309,480.10000000000036
2014-01-27,Model 2,336,365.5624,360,253,503,290,449
2014-02-03,Model 2,234,338.213,335,232,464,266,414
2014-02-10,Model 2,274,297.1114,294,204,406,234,365
2014-02-17,Model 2,369,250.7354,248,173,344.02499999999964,196,308
2014-02-24,Model 2,194,209.2948,207,143,290.02499999999964,164,259.10000000000036
2014-03-03,Model 2,187,206.5562,204,139,285,160,255
2014-03-10,Model 2,210,261.049,258,176,360,204,322
2014-03-17,Model 2,225,250.474,248,173,344.02499999999964,196,308
2014-03-24,Model 2,210,203.9824,201,139,282,161,251
2014-03-31,Model 2,225,204.0012,201,138.975,285,158,254
2014-04-07,Model 2,240,222.5118,220,153,306,175,273
2014-04-14,Model 2,245,233.7382,232,161,319,183,287
2014-04-21,Model 2,235,239.71,238,165,327,189,294
2014-04-28,Model 2,282,266.0258,263,183,366.02499999999964,208,328
2014-05-05,Model 2,251,290.5684,288,202,395,229,355
2014-05-12,Model 2,261,301.424,298,209,413,237,370
2014-05-19,Model 2,291,334.2976,331,233,451.02499999999964,264,407
2014-05-26,Model 2,428,352.326,349,246,477.02499999999964,278,431.10000000000036
2014-06-02,Model 2,456,368.2536,364,259,502.02499999999964,290,450
2014-06-09,Model 2,459,421.6812,418,296,572.0249999999996,332,516
2014-06-16,Model 2,506,569.9384,563,400.975,771.0249999999996,453,695
2014-06-23,Model 2,551,701.976,692,495,954,558,859
2014-06-30,Model 2,671,741.4228,731,526,1008,591,903
2014-07-07,Model 2,891,732.8852,724,517.975,998,586,896.1000000000004
2014-07-14,Model 2,819,700.901,694,491,949,556,850
2014-07-21,Model 2,746,687.5642,680,481,932,546,842
2014-07-28,Model 2,634,712.5904,704,502,970,568,871
2014-08-04,Model 2,484,642.3598,636,450,874,510,784
2014-08-11,Model 2,545,527.571,523,367.975,717.0249999999996,418,644
2014-08-18,Model 2,438,438.1254,434,307,594,345,536
2014-08-25,Model 2,418,379.736,375,266,517,300,467
2014-09-01,Model 2,367,378.4644,374,263,521,298,465
2014-09-08,Model 2,339,394.7792,391,275,536,310,484
2014-09-15,Model 2,362,383.681,378,268,525,304,471
2014-09-22,Model 2,397,376.1742,372,261,516,296,461
2014-09-29,Model 2,345,337.0326,333,234,463.02499999999964,267,415
2014-10-06,Model 2,339,315.7146,313,217,430,248,387
2014-10-13,Model 2,278,302.6392,300,211,413,238,372
2014-10-20,Model 2,297,268.9912,267,184.97500000000002,366,210,330
2014-10-27,Model 2,213,232.1906,230,160,321.02499999999964,183,284.10000000000036
2014-11-03,Model 2,186,199.0528,196,135,277,155,247
2014-11-10,Model 2,169,189.812,188,127.97500000000001,265,147,235
2014-11-17,Model 2,158,176.1112,174,119,244,136,218
2014-11-24,Model 2,149,160.2604,159,108,224,124,198
2014-12-01,Model 2,162,159.7384,158,107,222,124,199
2014-12-08,Model 2,212,165.8238,164,113,230,129,205
2014-12-15,Model 2,177,172.2862,171,117,239,134,212
2014-12-22,Model 2,198,188.6128,186,129,259,148,232
2014-12-29,Model 2,188,226.206,224,154,312,177,278
2015-01-05,Model 2,158,228.735,226,156,315,180,282
2015-01-05,Model 2,257,227.5672,225,156,313,179,281
2015-01-12,Model 2,228,218.5272,216,148,300,170,270
2015-01-19,Model 2,237,194.9518,193,132,271,152,241
2015-01-26,Model 2,259,214.554,212,151,296,168,264
2015-02-02,Model 2,212,223.5494,221,155,307.02499999999964,175,275
2015-02-09,Model 2,173,204.1002,202,137,284,160,252
2015-02-16,Model 2,100,195.2414,193,133,270,152,241
2015-02-23,Model 2,172,171.0048,169,117,238,134,211
2015-03-02,Model 2,190,137.5054,136,93,194,105,171
2015-03-09,Model 2,110,99.9188,99,65,140,76,125
2015-03-16,Model 2,91,102.9,101,68,146,79,129
2015-03-23,Model 2,130,130.9134,129,86,184,100,165
2015-03-30,Model 2,91,124.862,123,83,176,96,156
2015-04-06,Model 2,107,106.507,105,69,148,81,133
2015-04-13,Model 2,137,117.6012,116,78,166,89,147
2015-04-20,Model 2,113,120.3962,119,80,169,92,150
2015-04-27,Model 2,120,120.851,119,81,171,92,151
2015-05-04,Model 2,135,136.159,134,91,191,105,169.10000000000036
2015-05-11,Model 2,158,137.0942,135,91,191,106,171
2015-05-18,Model 2,109,135.7336,134,90,190,104,169
2015-05-25,Model 2,180,152.574,151,102,213,118,189
2015-06-01,Model 2,152,178.3428,177,122,246,138,219
2015-06-08,Model 2,193,180.1802,178,122,248,141,222
2015-06-15,Model 2,207,210.1658,208,143,292,164,261
2015-06-22,Model 2,240,233.935,231.5,159,320,183.90000000000003,288
2015-06-29,Model 2,242,247.736,245,170,337,194,306
2015-07-06,Model 2,272,264.5158,261,183,364,209,324
2015-07-13,Model 2,263,264.5812,262,184,363,208,326
2015-07-20,Model 2,293,253.905,251,174,348,199,314
2015-07-27,Model 2,250,252.4332,249.5,173,349,198,311
2015-08-03,Model 2,226,247.831,245,170,338.02499999999964,194,304
2015-08-10,Model 2,221,254.974,252,174,352,200,315
2015-08-17,Model 2,250,248.4728,246,170,343,195,304.10000000000036
2015-08-24,Model 2,225,233.793,231,160,326,183,289
2015-08-31,Model 2,246,231.3708,228,159,321.02499999999964,180,286
2015-09-07,Model 2,217,241.6068,239,164,332,189,297
2015-09-14,Model 2,303,240.9494,238,166,329,189,297
2015-09-21,Model 2,214,242.7268,240,166.975,331,191,298
2015-09-28,Model 2,257,236.7424,234,162,330,185,291
2015-10-05,Model 2,235,262.9184,261,182,359,206,324
2015-10-12,Model 2,235,252.2886,250,175,347,197,311
2015-10-19,Model 2,224,240.5042,238,165,329,188,296
2015-10-26,Model 2,246,239.0994,237,162.975,331,186,294
2015-11-02,Model 2,266,230.8218,227,157,320,180,285
2015-11-09,Model 2,198,225.5116,223,155,312.02499999999964,176,279
2015-11-16,Model 2,254,241.2138,239,168,330.02499999999964,189,297
2015-11-23,Model 2,286,277.3574,274,190,382,216,342
2015-11-30,Model 2,259,279.7106,277,194,384.02499999999964,219,344.10000000000036
2015-12-07,Model 2,357,312.721,310,217,425,245,383
2015-12-14,Model 2,333,390.8134,386,272,530,310,479.10000000000036
2015-12-21,Model 2,372,436.7978,433,307,595,344,532.1000000000004
2016-01-04,Model 2,549,506.02,501,357,685,400,616.1000000000004
2016-01-11,Model 2,628,542.1144,535,384.975,736.0499999999993,431,664
2016-01-18,Model 2,636,522.932,518,361,709,411,636
2016-01-25,Model 2,630,591.4154,584,413.97499999999997,808.0249999999996,467,725
2016-02-01,Model 2,530,631.7702,625,448,857,501.90000000000003,768
2016-02-08,Model 2,420,611.2322,605,430,828,485,746
2016-02-15,Model 2,593,551.8852,546,386,753,437,675
2016-02-22,Model 2,512,470.0188,464,324,640,371,576
2016-02-29,Model 2,412,387.045,382.5,270,529.0249999999996,305,472.10000000000036
2016-03-07,Model 2,397,396.6656,394,275,540.0249999999996,312,483
2016-03-14,Model 2,374,410.6278,407,285.97499999999997,562,323,503
2016-03-21,Model 2,308,359.1134,355,248,488,282,439
2016-03-28,Model 2,377,314.809,312,217,430.02499999999964,247,386
2016-04-04,Model 2,292,289.7512,286,199,399,227,357
2016-04-11,Model 2,225,260.5596,258,179,359,203,321
2016-04-18,Model 2,231,259.371,256,180,354,204,319
2016-04-25,Model 2,244,245.2742,243,166,339,193,301
2016-05-02,Model 2,181,206.4696,204,141,287,161,256
2016-05-09,Model 2,217,188.5824,186,128,261,147,233
2016-05-16,Model 2,212,195.6876,193,136,270.02499999999964,154,242
2016-05-23,Model 2,198,192.3886,190,132,265,150,237
2016-05-30,Model 2,220,195.6618,193,133,267,152,241
2016-06-06,Model 2,160,215.3328,213,146,298,167,266.10000000000036
2016-06-13,Model 2,193,226.6346,224,154,316,176,280
2016-06-20,Model 2,215,229.8282,227,158,317,180,284
2016-06-27,Model 2,234,214.7548,213,145,296.02499999999964,167,264
2016-07-04,Model 2,247,201.9958,199,137.97500000000002,279,157,250
2016-07-11,Model 2,223,219.8454,217,149,303.02499999999964,174,271
2016-07-18,Model 2,266,234.3188,232,160,323,183,287
2016-07-25,Model 2,222,240.2984,239,163,327.02499999999964,187,295
2016-08-01,Model 2,211,240.3956,238,163,332,187,296
2016-08-08,Model 2,198,259.82,258,177,356.02499999999964,203,320
2016-08-15,Model 2,222,267.7448,264,184.97500000000002,369.02499999999964,210,330
2016-08-22,Model 2,274,240.212,238,165,332,188,296
2016-08-29,Model 2,311,217.7632,215,148,297,170,269.10000000000036
2016-09-05,Model 2,242,206.535,205,142,285,161,254
2016-09-12,Model 2,174,211.8138,210,144,291,165,261
2016-09-19,Model 2,173,211.4004,209,143,293,164,262
2016-09-26,Model 2,138,175.5904,174,119,244,136,218
2016-10-03,Model 2,125,127.4368,126,85,177,99,159
2016-10-10,Model 2,94,102.819,101,68,146,78,129
2016-10-17,Model 2,108,91.0508,90,59,130,69,115
2016-10-24,Model 2,84,84.7414,84,55,120.02499999999964,64,107
2016-10-31,Model 2,86,81.6598,81,52,116,62,103
2016-11-07,Model 2,84,82.196,81,52,118,62,104
2016-11-14,Model 2,72,83.865,83,54,121,63,107
2016-11-21,Model 2,75,82.5716,81,52,119,62,105
2016-11-28,Model 2,86,78.8944,78,50,115,59,100
2016-12-05,Model 2,59,73.6198,73,46,106,55,94
2016-12-12,Model 2,81,70.3274,69,44,102,52,90
2016-12-19,Model 2,72,73.6302,73,46,106,55,94
2017-01-02,Model 2,70,70.8914,70,45,102,52,90
2017-01-09,Model 2,91,74.4802,73,47,107,56,95
2017-01-16,Model 2,75,78.1266,77,50,111,59,99
2017-01-23,Model 2,66,75.9596,75,48,108,57,96
2017-01-30,Model 2,62,77.1326,76,49,111,58,99
2017-02-06,Model 2,77,69.1626,68,44,101,51,89
2017-02-13,Model 2,53,54.296,53,34,80,40,70
2017-02-20,Model 2,54,44.653,44,27,67,32,58
2017-02-27,Model 2,41,43.839,43,26,64.02499999999964,31,57
2017-03-06,Model 2,32,41.717,41,24,63,30,55
2017-03-13,Model 2,35,40.0786,40,23,60,28,53
2017-03-20,Model 2,32,39.5954,39,23,60,28,52
2017-03-27,Model 2,50,37.0968,37,22,55,26,49
2017-04-03,Model 2,37,36.813,36,21,56,26,48
2017-04-10,Model 2,32,37.778,37,22,57,27,49
2017-04-17,Model 2,51,44.5088,44,26,66,32,58
2017-04-24,Model 2,37,44.5964,44,27,67,32,58
2017-05-01,Model 2,42,38.1644,37,22,58,27,50
2017-05-08,Model 2,48,45.2166,45,27,67.02499999999964,32,59
2017-05-15,Model 2,50,49.739,49,30,73,36,64
2017-05-22,Model 2,50,53.7774,53,33,80,39,69
2017-05-29,Model 2,66,63.3728,63,39,92,47,81
2017-06-05,Model 2,62,69.9696,69,45,101,52,89
2017-06-12,Model 2,80,69.2286,68,44,101,51,89
2017-06-19,Model 2,73,71.0764,70,46,103,54,90
2017-06-26,Model 2,75,66.3144,66,40,96,49,85
2017-07-03,Model 2,63,65.022,64,41,94,48,83
2017-07-10,Model 2,53,63.772,63,40,92,47,81
2017-07-17,Model 2,51,63.2246,62,40,92,47,81
2017-07-24,Model 2,67,60.3908,60,37.97500000000001,87,45,77
2017-07-31,Model 2,60,55.0348,54,34,81,40,71.10000000000036
2017-08-07,Model 2,56,51.7626,51,31,76,38,67
2017-08-14,Model 2,53,54.7232,54,33,80,40,70
2017-08-21,Model 2,52,53.8778,53,33,78.02499999999964,39,69
2017-08-28,Model 2,33,48.1554,47,29,71,35,63
2017-09-04,Model 2,40,45.0088,45,26,67,32,59
2017-09-11,Model 2,53,44.2926,44,27,65,32,58
2017-09-18,Model 2,59,40.9544,40,24,61,29,53
2017-09-25,Model 2,39,43.8332,43,25,65,31,57
2017-10-02,Model 2,52,60.1864,60,37,88,44,77
2017-10-09,Model 2,55,75.3384,74,48,109,56,96
2017-10-16,Model 2,63,66.4894,65,41.97500000000001,96,49,85
2017-10-23,Model 2,77,56.075,55,35,82,41,72
2017-10-30,Model 2,62,50.7526,50,31,74,37,65
2017-11-06,Model 2,44,46.1362,45,28,68,33,60
2017-11-13,Model 2,50,45.5556,45,27,69,33,59
2017-11-20,Model 2,24,45.645,45,27,68,33,60
2017-11-27,Model 2,38,41.2598,41,24,62,29,54
2017-12-04,Model 2,34,43.9092,43,26,66,31,57
2017-12-11,Model 2,40,41.7108,41,24,63,29,55
2017-12-18,Model 2,51,43.9754,43,26,65.02499999999964,32,58
2017-12-25,Model 2,66,50.193600000000004,50,30,74,36,65
2017-12-25,Model 2,66,55.029,54,34,80,40,70.10000000000036
2017-12-25,Model 2,66,63.7836,63,40,93,47,82
2017-12-25,Model 2,66,73.2456,72,47,106,55,93
2017-12-25,Model 2,66,77.136,76,49,111,58,98
2017-12-25,Model 2,66,74.1054,73,46,107,54,94
2017-12-25,Model 2,66,70.4302,69,44.97500000000001,101,53,90
2017-12-25,Model 2,66,67.1376,66,42,97,50,86
2018-01-01,Model 2,83,63.243,62,40,92,47,80.10000000000036
2018-01-08,Model 2,68,58.8356,58,37,86,43,76
2018-01-15,Model 2,54,55.6596,55,34,81,41,71
2018-01-22,Model 2,45,58.2464,57,36.97500000000001,85,43,75
2018-01-29,Model 2,48,56.7406,56,35,84,41,73
2018-02-05,Model 2,50,49.0118,48.5,29.97500000000001,73,35,63
2018-02-12,Model 2,28,40.4924,40,24,61,29,53
2018-02-19,Model 2,39,38.6526,38,22,58,27,51
2018-02-26,Model 2,51,39.8772,39,24,60,29,52
2018-03-05,Model 2,37,33.8042,33,19,51,24,45
2018-03-12,Model 2,39,31.508,31,18,48,22,42
2018-03-19,Model 2,36,39.5504,39,23,59.024999999999636,28,52
2018-03-26,Model 2,24,41.8294,41,24,63,30,55
2018-04-02,Model 2,38,42.6762,42,25,64,30,56
2018-04-09,Model 2,38,45.468,45,28,67,33,59
2018-04-16,Model 2,56,42.682,42,25,64,31,56
2018-04-23,Model 2,56,48.8034,48,29,72,35,63
2018-04-30,Model 2,77,55.9654,55,34,82,41,72
2018-05-07,Model 2,62,65.6434,65,41,95,48,84
2018-05-14,Model 2,64,70.4554,70,44,102,52,90
2018-05-21,Model 2,65,74.6092,74,47,108,56,95
2018-05-28,Model 2,54,69.8324,69,44,102,52,89
2018-06-04,Model 2,75,62.1986,61,39,91.02499999999964,46,80
2018-06-11,Model 2,55,61.7452,61,39,89,46,79
2018-06-18,Model 2,61,57.604,57,36,85,43,74
2018-06-25,Model 2,76,60.995,60,38,89,45,78
2018-07-02,Model 2,58,56.257,56,34,82,41,72
2018-07-09,Model 2,44,51.9462,51,31,77,38,67
2018-07-16,Model 2,41,57.603,57,36,85,42,74
2018-07-23,Model 2,56,57.487,57,35,85,42,74
2018-07-30,Model 2,51,48.9332,48,30,73,35,64
2018-08-06,Model 2,59,46.4098,46,28,68,34,60
2018-08-13,Model 2,43,56.3276,55,35,83,41,72
2018-08-20,Model 2,68,65.2902,64,42,95,49,83
2018-08-27,Model 2,75,69.296,68,43,101.02499999999964,51,89
2018-09-03,Model 2,76,59.0896,58,37,86,44,76
2018-09-10,Model 2,49,57.3898,57,36,84,42,74
2018-09-17,Model 2,63,61.8616,61,39,90,46,79
2018-09-24,Model 2,40,60.983,60,38,90,45,79
2018-10-01,Model 2,51,53.6942,53,33,78,39,69
2018-10-08,Model 2,51,53.6328,53,32,78,39,69
2018-10-15,Model 2,62,55.7302,55,34,81,41,72
2018-10-22,Model 2,78,59.5458,59,37,86,44,76
2018-10-29,Model 2,75,70.2746,69,45,102,52,90
2018-11-05,Model 2,71,84.5836,84,54,120,64,107
2018-11-12,Model 2,78,96.4434,95,63,138,73,121.10000000000036
2018-11-19,Model 2,97,98.1028,97,63,139,75,123
2018-11-26,Model 2,109,92.695,92,61,131,70,116
2018-12-03,Model 2,115,95.6124,95,62,137,73,120
2018-12-10,Model 2,108,117.7062,116,78,165,90,147
2018-12-17,Model 2,128,149.0038,147,99,209,115,185
2018-12-24,Model 2,160,177.6592,175,120,246,138,220
2019-01-07,Model 2,207,186.3436,185,126,257.02499999999964,144,230
2019-01-14,Model 2,245,194.4978,192,132,268,152,240
2019-01-21,Model 2,215,205.178,203,140,283,160,253
2019-01-28,Model 2,222,219.3642,217,151,302,171,271
2019-02-04,Model 2,182,227.3708,224,156.97500000000002,314,177,281
2019-02-11,Model 2,138,209.5062,207,145,291,163,259
2019-02-18,Model 2,235,187.345,186,128,258,145,231.10000000000036
2019-02-25,Model 2,182,163.1288,161,111.97500000000001,225.02499999999964,127,202
2019-03-04,Model 2,157,132.4696,131,89,185,102,165
2019-03-11,Model 2,134,143.0404,141,96,200,110,178
2019-03-18,Model 2,109,144.1184,143,96,202.02499999999964,111,180
2019-03-25,Model 2,97,122.6028,121,82,173,94,154
2019-04-01,Model 2,100,106.3724,105,70,150,81,134
2019-04-08,Model 2,108,100.2418,99,64,142.02499999999964,76,126
2019-04-15,Model 2,125,103.2916,102,67.97500000000001,146,79,130
2019-04-22,Model 2,135,124.5292,123,83,175,96,156
2019-04-29,Model 2,157,167.1368,165,113,232,130,206
2019-05-06,Model 2,194,223.3546,221,151.97500000000002,306,174,277
2019-05-13,Model 2,287,268.673,266,185,371,212,330
2019-05-20,Model 2,309,303.077,300,210,413.02499999999964,238,372
2019-05-27,Model 2,378,328.0448,325,224,446.02499999999964,259,400
2019-06-03,Model 2,401,376.8146,373,264,509.02499999999964,297,462
2019-06-10,Model 2,400,412.4768,408,286.975,560.0249999999996,326,505
2019-06-17,Model 2,467,443.6014,439,313.975,597,351,541
2019-06-24,Model 2,433,487.0506,480.5,343,660,387,595.1000000000004
2019-07-01,Model 2,497,537.3168,530.5,376,731,425,657
2019-07-08,Model 2,593,581.3386,575,410,786,464.90000000000003,709
2019-07-15,Model 2,663,602.87,597,423,820,478,734
2019-07-22,Model 2,646,594.4556,588,420,805.0249999999996,472,723.1000000000004
2019-07-29,Model 2,605,614.3636,609,428.975,834,487,748
2019-08-05,Model 2,599,618.6212,612,436,830,494,751.1000000000004
2019-08-12,Model 2,523,576.1404,569,405,786,456,703.1000000000004
2019-08-19,Model 2,524,512.48,508,360,699.0249999999996,406,624
2019-08-26,Model 2,474,458.0368,454,323,619.0249999999996,365,558
2019-09-02,Model 2,414,408.7674,406,284.975,555,322,498
2019-09-09,Model 2,327,370.2432,367,258,505,293,451
2019-09-16,Model 2,317,337.1776,333,237,463,266,413
2019-09-23,Model 2,301,300.6444,297,208,412,236,370.10000000000036
2019-09-30,Model 2,261,250.3314,247,174,343,197,307.10000000000036
2019-10-07,Model 2,246,231.1196,229,158,315.02499999999964,181,285
2019-10-14,Model 2,227,240.5868,237,166,332,188.90000000000003,296
2019-10-21,Model 2,239,258.8446,257,181,351,205,317
2019-10-28,Model 2,242,280.2212,278,192.97500000000002,385.02499999999964,220,344
2019-11-04,Model 2,308,296.643,293,204.97500000000002,409,234,365
2019-11-11,Model 2,322,306.9648,304,213,419.02499999999964,241,376
2019-11-18,Model 2,373,310.0916,307,214,426,244,380
2019-11-25,Model 2,331,314.9978,312,217,438,246,386
2019-12-02,Model 2,295,308.4654,305,214,422,243,378
2019-12-09,Model 2,281,303.5114,300.5,209,419,238,374
2019-12-16,Model 2,257,290.011,286,201,397,228,355
2019-12-23,Model 2,226,267.7958,265,183,369,210,329
2019-12-30,Model 2,290,282.788,279,192,390.02499999999964,220,350
2020-01-06,Model 2,303,292.0314,289,202,403,228,359
2020-01-13,Model 2,343,295.0628,292,203,404,232,362
2020-01-20,Model 2,404,336.11,332,234,457,266.90000000000003,411
2020-01-27,Model 2,309,376.0272,372,263.975,510.02499999999964,296,459
2020-02-03,Model 2,370,407.5482,403,285,557,321,498
2020-02-10,Model 2,400,422.7148,418,298,574,335,517.1000000000004
2020-02-17,Model 2,380,377.2554,372,265,515,300,461
2020-02-24,Model 2,381,351.9642,348,247,483,280,430
2020-03-02,Model 2,374,371.2582,367,260,504,293,453
2020-03-09,Model 2,375,378.2864,374,261,517.0249999999996,297,465
2020-03-16,Model 2,389,377.3072,374,262,511,296,463
2020-03-23,Model 2,368,370.4834,366,260,510,294,454
2020-03-30,Model 2,377,367.4392,363,254,499.02499999999964,289.90000000000003,452
2020-04-06,Model 2,315,368.1604,364,257,502,292,449
2020-04-13,Model 2,343,369.6394,366,256.975,506,291,452
2020-04-20,Model 2,360,370.6828,367,257,505,291,455
2020-04-27,Model 2,400,361.3622,358,248,498,284,441
2020-05-04,Model 2,390,385.2958,381,268,528,304,472
2020-05-11,Model 2,507,445.574,440,312,603.0249999999996,355,543
2020-05-18,Model 2,526,548.6468,544,387.975,740,437.90000000000003,664
2020-05-25,Model 2,619,648.2154,640,454,879,514,790.1000000000004
2020-06-01,Model 2,732,786.1034,779,553,1069.0249999999996,624,955
2020-06-08,Model 2,868,924.4976,919,654,1228,735.9000000000001,1121
2020-06-15,Model 2,1153,1050.9578,1039.5,748,1428,838,1279
2020-06-22,Model 2,1371,1183.2638,1170,841,1607,943,1447
2020-06-29,Model 2,1460,1331.5998,1321,929,1794.0249999999996,1057.9,1610
2020-07-06,Model 2,1448,1533.042,1521,1079.975,2081.0249999999996,1216,1864.1000000000004
2020-07-13,Model 2,1667,1738.0616,1717,1228,2328.0249999999996,1393,2115.1000000000004
2020-07-20,Model 2,1729,1769.5624,1747.5,1254,2397.0249999999996,1410,2165
2020-07-27,Model 2,1792,1652.8726,1641,1164,2228.0249999999996,1320,2004
2020-08-03,Model 2,1378,1640.3134,1630,1162.9750000000001,2213.074999999999,1307,1981
2020-08-10,Model 2,1667,1591.5126,1573,1129.975,2149.074999999999,1272,1939.1000000000004
2020-08-17,Model 2,1339,1462.506,1452,1026.9750000000001,1979.0249999999996,1165,1779.1000000000004
2020-08-24,Model 2,1287,1206.2156,1193,845.975,1629.074999999999,956,1471
2020-08-31,Model 2,1154,1040.0314,1030,733,1409.0499999999993,830,1260
2020-09-07,Model 2,938,932.4892,922,665,1255,743.9000000000001,1138
2020-09-14,Model 2,725,823.6856,816,567,1123.0249999999996,650,1003
2020-09-21,Model 2,671,746.0634,740,526.975,1012.0249999999996,589,910
2020-09-28,Model 2,591,685.7764,677,484.975,932,542,841
2020-10-05,Model 2,605,601.967,596,420.975,819,475,733
2020-10-12,Model 2,529,549.73,543,389,749.0249999999996,437,669
2020-10-19,Model 2,592,524.695,519,367,712,417,641
2020-10-26,Model 2,565,502.0394,497,352,681.0249999999996,398,610
2020-11-02,Model 2,440,456.8822,451,321,617,362,558
2020-11-09,Model 2,408,418.011,414,292,562,329,511
2020-11-16,Model 2,355,387.7752,384,267,533.0249999999996,307,474
2020-11-23,Model 2,258,320.9284,318,221,439.02499999999964,252,393.10000000000036
2020-11-30,Model 2,279,274.0304,271,190,375,216,336
2020-12-07,Model 2,228,244.2158,242,167,336,191,302
2020-12-14,Model 2,227,216.1008,213,149,298,170,267
2020-12-21,Model 2,236,207.0008,205,140.97500000000002,285,161,257
2021-01-04,Model 2,194,198.3424,196,133.97500000000002,275,155,246
2021-01-04,Model 2,194,188.0268,186,128,259,147,233
2021-01-11,Model 2,166,187.1044,185,128,258,145,231
2021-01-18,Model 2,152,167.6414,166,114,233,130,207
2021-01-25,Model 2,135,156.209,154,105,217,120,194
2021-02-01,Model 2,141,144.1364,142,97,202,111,179
2021-02-08,Model 2,143,134.4386,133,90,187,104,167
2021-02-15,Model 2,148,130.1606,128,87,181,100,162
2021-02-22,Model 2,146,135.6258,135,90,189,104,168
2021-03-01,Model 2,140,144.1304,142,98,203.02499999999964,112,179
2021-03-08,Model 2,145,149.3132,148,100,210,115,185
2021-03-15,Model 2,129,144.1714,142,97,201,111.90000000000003,180
2021-03-22,Model 2,120,130.3642,129,87,182,100,163
2021-03-29,Model 2,113,118.0644,117,78,166.02499999999964,89,148
2021-04-05,Model 2,102,108.9166,108,72,154,83,136
2021-04-12,Model 2,112,100.3676,99,66,142,76,126
2021-04-19,Model 2,129,99.8874,99,65,143,76,125
2021-04-26,Model 2,84,100.2872,99,65,142,76,126
2021-05-03,Model 2,117,111.4506,110,72.97500000000001,157.02499999999964,85,139
2021-05-10,Model 2,92,132.3622,131,88,186.02499999999964,102,165
2021-05-17,Model 2,119,124.5348,123,82,175,95,156
2021-05-24,Model 2,130,121.0174,119,81,169,93,151
2021-05-31,Model 2,118,117.2638,116,77,165,90,147
2021-06-07,Model 2,137,117.5776,116,77,167,89,147
2021-06-14,Model 2,135,125.9352,125,84,177,97,157
2021-06-21,Model 2,127,119.2656,118,79,167,91,148
2021-06-28,Model 2,112,117.3548,116,78,166,89,147
2021-07-05,Model 2,104,115.1776,114,76,164,87,144
2021-07-12,Model 2,75,106.7624,106,69.97500000000001,152,81,135
2021-07-19,Model 2,80,90.7888,89,60,129,69,114
2021-07-26,Model 2,82,76.445,75,48,111,57,97
2021-08-02,Model 2,70,62.9714,62,40,91,47,81
2021-08-09,Model 2,81,55.6722,55,35,82,41,72
2021-08-16,Model 2,56,58.7286,58,37,85,43,75
2021-08-23,Model 2,53,64.0804,63,40,94,47,82
2021-08-30,Model 2,46,75.9872,75,48,111,56,97
2021-09-06,Model 2,61,79.5396,78,51,115,60,101
2021-09-13,Model 2,74,77.3388,76,50,112,58,98
2021-09-20,Model 2,110,73.8644,73,47,106,55,94
2021-09-27,Model 2,105,78.9246,78,51,112,60,100
2021-10-04,Model 2,104,88.6794,88,57,127,66,112
2021-10-11,Model 2,85,102.2944,101,67,144,78,129
2021-10-18,Model 2,76,98.7252,97,65,141,75,125
2021-10-25,Model 2,75,84.4298,84,54,121,63,107
2021-11-01,Model 2,59,64.8226,64,40,94,48,83
2021-11-08,Model 2,42,52.5152,52,32,78,38,68
2021-11-15,Model 2,56,50.3004,50,30,74,37,65
2021-11-22,Model 2,63,48.3018,48,29,72,35,62
2021-11-29,Model 2,48,47.0612,46,28,70,34,61.100000000000364
2021-12-06,Model 2,65,56.7442,56,34,84,42,73
2021-12-13,Model 2,61,80.882,80,52,117,60,102
2021-12-20,Model 2,68,94.6404,93,63,135,72,119
2022-01-03,Model 2,106,110.396,109,72,156,84,138
2022-01-10,Model 2,146,122.496,121,82,171,94,153
2022-01-17,Model 2,180,125.2352,124,84,174,96,157
2022-01-24,Model 2,171,146.9934,145,99,205,114,183
2022-01-31,Model 2,154,183.7526,181,124,255,143,227
2022-02-07,Model 2,169,211.1998,208,143,297,165,261.10000000000036
2022-02-14,Model 2,206,221.9428,220,151,305,172.90000000000003,272
2022-02-21,Model 2,201,219.4196,218,149.97500000000002,302,171,270
2022-02-28,Model 2,263,244.7274,242,167,340,190,302
2022-03-07,Model 2,369,312.5098,309,217,423,247,382.10000000000036
2022-03-14,Model 2,421,364.3824,362,255,492,287,444
2022-03-21,Model 2,441,449.8618,446,313,614,357,548
2022-03-28,Model 2,510,588.2122,583,412.975,796,468.90000000000003,715.1000000000004
2022-04-04,Model 2,643,687.9972,678,487,932,549,842.1000000000004
2022-04-11,Model 2,734,723.6854,717,505,981.0249999999996,576,881.1000000000004
2022-04-18,Model 2,942,770.3088,762,543.975,1040.0249999999996,613,939
2022-04-25,Model 2,1003,903.508,892,646,1225,724,1099
2022-05-02,Model 2,846,1079.62,1067,769,1453.0249999999996,862,1304
2022-05-09,Model 2,1315,1289.7914,1278,904,1744,1027,1575
2022-05-16,Model 2,1276,1431.3826,1417,1012.9749999999999,1927.074999999999,1146,1739
2022-05-23,Model 2,1567,1322.9954,1308,936,1780.0499999999993,1060,1611
2022-05-30,Model 2,1454,1379.8942,1364,976.975,1852.0249999999996,1105,1675
2022-06-06,Model 2,1460,1381.2736,1368,981.95,1861,1105,1684
2022-06-13,Model 2,1254,1370.9518,1357,965.975,1861.0499999999993,1093,1670.1000000000004
2022-06-20,Model 2,1172,1292.0746,1279.5,906.95,1749,1033,1578
2022-06-27,Model 2,1187,1194.3668,1180,845,1609.0249999999996,950,1452.1000000000004
2022-07-04,Model 2,1164,1121.4042,1112,786.95,1522,893,1361
2022-07-11,Model 2,918,1042.4408,1032,739,1415,831,1273.1000000000004
2022-07-18,Model 2,1036,1030.8698,1021,734,1392.0249999999996,826,1250
2022-07-25,Model 2,1092,994.8906,985.5,705.975,1342,795,1209.1000000000004
2022-08-01,Model 2,896,892.071,881,630,1220.0249999999996,710,1091.1000000000004
2022-08-08,Model 2,879,811.3448,802,575,1097.0249999999996,641.9000000000001,989
2022-08-15,Model 2,679,808.5046,798,568,1099.0249999999996,645,982.1000000000004
2022-08-22,Model 2,662,725.3428,718,504,978.0249999999996,572,886
2022-08-29,Model 2,581,637.379,628,448.975,867,508,777
2022-09-05,Model 2,570,537.7428,532,377,734,425,658
2022-09-12,Model 2,544,491.0792,485,343,673,387,601
2022-09-19,Model 2,472,468.4862,463,330,633,374,572
2022-09-26,Model 2,426,449.4818,444,314,612,356,551
2022-10-03,Model 2,397,434.9918,433,299,597.0499999999993,341,532
2022-10-10,Model 2,376,398.7598,393,280,540.0249999999996,317,485
2022-10-17,Model 2,373,358.8102,354,249.97500000000002,494.02499999999964,284,439
2022-10-24,Model 2,314,322.98,320,223,443,254,397
2022-10-31,Model 2,318,310.0758,307,213,429,243,382
2022-11-07,Model 2,294,301.4454,298,209,418,236,371
2022-11-14,Model 2,315,288.9006,286,199,397,228,354
2022-11-21,Model 2,265,283.3762,281,193,390,222,347
2022-11-28,Model 2,242,287.5636,285,197,394.02499999999964,225,352
2022-12-05,Model 2,327,299.7044,296,205,416,236,369
2022-12-12,Model 2,290,284.0746,282,195,389,223,348
2022-12-19,Model 2,270,260.6756,257,176,362,201,323
2022-12-26,Model 2,285,299.6596,295,201,423.02499999999964,230,375
