date,Rt_mean,Rt_median,Rt_lower,Rt_upper,Rt_lower50,Rt_upper50
2012-03-12,1.1018005054675,1.09045485,0.8522751615,1.416447645,1.001618325,1.188235825
2012-03-19,1.0636135629325,1.05830505,0.8544717535,1.3095811075,0.9842107925,1.13722625
2012-03-26,1.0911414526075,1.0845771,0.89107630475,1.3211224125,1.013612475,1.162592925
2012-04-02,1.1517502384925,1.14569,0.94441279675,1.395647055,1.071206125,1.2232661500000002
2012-04-09,1.21213735939,1.20611325,0.99996471075,1.4558365425000002,1.12806055,1.2865048250000002
2012-04-16,1.22767242376,1.2215299,1.0201363775,1.4637221974999999,1.144876875,1.3070832000000001
2012-04-23,1.2314964697775,1.22382745,1.0242016,1.4690088175,1.15051475,1.307604375
2012-04-30,1.1895327038725,1.1825158999999998,0.99176591225,1.4307706825,1.1127238750000001,1.259330475
2012-05-07,1.1323886243325,1.12564105,0.94164155425,1.355584485,1.057700925,1.1989207000000002
2012-05-14,1.0864142879675,1.0797712,0.90628406975,1.3003472200000001,1.0154129500000002,1.1507470249999998
2012-05-21,1.0604525781425,1.05460455,0.879991735,1.2725379075,0.9892218125,1.126085075
2012-05-28,1.1188244883625,1.11350255,0.93219141825,1.3390504050000003,1.047141025,1.1838114
2012-06-04,1.187524171015,1.1834301,0.98875349125,1.4225396799999999,1.1110346,1.25639235
2012-06-11,1.2612077560675,1.2553907500000001,1.057335015,1.4985469675,1.1834158,1.332053375
2012-06-18,1.338277671085,1.3340632000000001,1.1273578899999999,1.5823076575,1.2578083,1.412271375
2012-06-25,1.3529459956425,1.3467934,1.1369290475,1.6012837825000001,1.27064165,1.427945075
2012-07-02,1.2891150036075,1.2834069499999998,1.0884350325,1.5236682700000002,1.211158775,1.3590516000000001
2012-07-09,1.163315460825,1.1580283,0.9780584025,1.3829725575,1.09204675,1.22665025
2012-07-16,1.0542252720625,1.04538595,0.885874008,1.2505885025,0.9887967925000001,1.115697525
2012-07-23,0.9579337496225,0.9514029900000001,0.8038018622499999,1.1413396649999998,0.8977903850000001,1.014651975
2012-07-30,0.903869823535,0.8990090550000001,0.7540448115000001,1.0786114274999998,0.8470663425,0.958336445
2012-08-06,0.8552009139975,0.85227913,0.714776286,1.0115878200000001,0.8018340250000001,0.904930625
2012-08-13,0.83138396527,0.8280189499999999,0.699783776,0.983179223,0.780867475,0.88009342
2012-08-20,0.811914011965,0.809176395,0.6758464167500001,0.962834137,0.7613362625000001,0.8592642775
2012-08-27,0.8324425065,0.82816823,0.69397192175,0.98731824225,0.778780355,0.8831580674999999
2012-09-03,0.85555675484,0.85311647,0.71204457525,1.0172821975,0.7988899450000001,0.90694042
2012-09-10,0.90527061154,0.90418299,0.756753479,1.0773046775000001,0.8467438375,0.9580864225000001
2012-09-17,0.9723355667575,0.96857471,0.8133036227499999,1.15843802,0.9085014025,1.029332025
2012-09-24,1.0613040717275,1.0568041,0.8899205840000001,1.26314411,0.993602435,1.1222220749999998
2012-10-01,1.136472209815,1.13183195,0.9478092052499999,1.3508403375000002,1.0658815,1.2014608249999998
2012-10-08,1.168137733905,1.1627877500000001,0.97332891925,1.3823600850000002,1.096649425,1.234766325
2012-10-15,1.1653697156625,1.1614019999999998,0.97094286525,1.3840438825,1.0931257749999999,1.233292025
2012-10-22,1.1340651130225,1.131117,0.945461289,1.3457937,1.06227605,1.200811525
2012-10-29,1.0442483575475,1.0415778,0.8684155285,1.23855644,0.9768624475000001,1.10644065
2012-11-05,0.9678871636025,0.964565565,0.80687105125,1.1497750400000002,0.9070747075,1.0252467
2012-11-12,0.91909927566,0.915022175,0.7615448930000001,1.102293185,0.8604897475,0.97422137
2012-11-19,0.851743080995,0.84728596,0.710698748,1.01198579,0.7984186900000001,0.9012847774999999
2012-11-26,0.8858216171975,0.8812203750000001,0.7421160265,1.048625615,0.829463325,0.9367629449999999
2012-12-03,0.9294941051375,0.9253527349999999,0.780196082,1.0992069875000001,0.8726001475,0.9833569475
2012-12-10,1.0141307140675,1.0095245,0.8494223674999999,1.202171125,0.9507290999999999,1.0735998
2012-12-17,1.1263081250825,1.1211332999999999,0.9460975332499999,1.3289868475000002,1.0548711,1.1924983500000002
2012-12-24,1.2512653642425,1.24467185,1.0498727524999998,1.4745574975,1.175905275,1.3220885500000001
2012-12-24,1.405981044625,1.39817385,1.1858992425000001,1.6656515675,1.3193451,1.4849423499999999
2013-01-07,1.578273544525,1.5688889000000001,1.3260969525,1.8742217025,1.478527525,1.671716
2013-01-14,1.69546460115,1.6859069999999998,1.4317472125,1.9985873625000001,1.5920713499999999,1.7892829
2013-01-21,1.745655911375,1.7368288,1.4802818175,2.0572128125000004,1.6429926000000001,1.8409649499999998
2013-01-28,1.755000291125,1.7458946,1.4998105325000002,2.0590556049999997,1.65327565,1.845851975
2013-02-04,1.628704071275,1.620182,1.3873982425,1.8987318599999998,1.534873,1.71331065
2013-02-11,1.468479606325,1.46291685,1.244511655,1.7260243999999998,1.380215725,1.5497643499999998
2013-02-18,1.234893668845,1.2308333,1.0405285299999998,1.45169348,1.1616723,1.2993029750000002
2013-02-25,1.0478241657925,1.04321905,0.88193050925,1.2446052525,0.9835398125,1.1070297
2013-03-04,0.964627641065,0.960109705,0.81573482,1.1347721874999999,0.90821795,1.016254025
2013-03-11,0.94843737254,0.9441659099999999,0.79902465375,1.1272656125,0.88863818000000006,1.001122225
2013-03-18,0.9770629351125,0.974143525,0.82641575275,1.1533692575,0.9198137975,1.02944785
2013-03-25,1.10802613718,1.104615,0.9346417415000001,1.3143669025,1.040070225,1.16922985
2013-04-01,1.282649458135,1.2777864,1.092002615,1.5028503524999999,1.209086425,1.351853725
2013-04-08,1.45497689535,1.44910615,1.2434999274999998,1.6992758975000002,1.3741989000000001,1.5335358749999999
2013-04-15,1.535677969925,1.5329301,1.3173771425,1.7888581975000002,1.45019275,1.6156245999999999
2013-04-22,1.5029051158,1.4958822999999999,1.2887354549999999,1.747348855,1.4190835,1.5801954749999998
2013-04-29,1.383699063,1.37772055,1.17922668,1.620335425,1.303723475,1.4595046749999998
2013-05-06,1.2499724123825,1.2457528500000001,1.0623899374999999,1.4663394175000002,1.177986075,1.3170076750000002
2013-05-13,1.1448607812075,1.13888645,0.9719369,1.3393812550000002,1.0797513250000002,1.20604665
2013-05-20,1.13873094314,1.1324393000000001,0.9673547762500001,1.3296995800000002,1.0733766249999999,1.2000232000000002
2013-05-27,1.1813268697625,1.17601585,1.0065354125,1.3798312799999999,1.11596875,1.244251125
2013-06-03,1.29670727995,1.2927305,1.102882185,1.5126285975,1.2237056,1.364810875
2013-06-10,1.35986731465,1.3551527,1.16338317,1.5931173600000001,1.2828006749999998,1.42792875
2013-06-17,1.3636241949,1.3574890000000002,1.159897875,1.6018807300000002,1.287749375,1.433448925
2013-06-24,1.233842495975,1.22853425,1.0510483400000001,1.4484161075,1.16405735,1.297660975
2013-07-01,1.0075695960475,1.0053852,0.8539841077500001,1.17920061,0.9521442775,1.058102525
2013-07-08,0.7587694103825,0.7559922649999999,0.6490629422499999,0.88861889575,0.7159322149999999,0.7994445674999999
2013-07-15,0.600237986515,0.5985701400000001,0.5080595477500001,0.7051292985000001,0.5647837025,0.6316411075
2013-07-22,0.5342791244825,0.53275498,0.45215382749999994,0.6275573367500001,0.503425615,0.5623516275
2013-07-29,0.52966850261,0.5269166750000001,0.4468284185,0.6227988577500001,0.4989824675,0.55826809
2013-08-05,0.5977883004025,0.5938384999999999,0.5055668845,0.704467783,0.56356205,0.63021544
2013-08-12,0.7189659238875,0.71375457,0.61202079125,0.8462752115000001,0.6786494675,0.7561098775
2013-08-19,0.886460849535,0.8829143,0.75803034525,1.0388569725,0.8378186825,0.9304720599999999
2013-08-26,1.06708526001,1.0632603500000002,0.9132891715,1.24333578,1.0088110000000001,1.121400075
2013-09-02,1.2020638875375,1.1990389000000001,1.027398665,1.3969644875,1.13748925,1.2628291999999999
2013-09-09,1.2199638469125,1.2155881000000002,1.0416532675,1.4211459599999998,1.1495881000000001,1.2841961249999998
2013-09-16,1.1678555061325,1.16183505,0.9928793309999999,1.3661133275000001,1.1004928500000002,1.23060755
2013-09-23,1.11223428576,1.10550815,0.9484205334999999,1.307829325,1.04786955,1.171437025
2013-09-30,1.0959462473325,1.08804365,0.92993722175,1.29330358,1.031782825,1.156702825
2013-10-07,1.0592494884775,1.0538671499999999,0.89730795675,1.241314695,0.998288175,1.11589
2013-10-14,1.048874924405,1.04537445,0.891025052,1.2289605075,0.9898595099999999,1.10506115
2013-10-21,1.08384005114,1.079375,0.92025504325,1.2702944150000002,1.0234346,1.14107575
2013-10-28,1.096281706645,1.0918294,0.92666857375,1.2910034200000002,1.034286725,1.15213245
2013-11-04,1.061934006695,1.0582314,0.89606229125,1.25220789,1.0008759250000001,1.1173526
2013-11-11,1.0142116123775,1.0066125000000001,0.8512457077500001,1.2144094925,0.9507189875,1.074088
2013-11-18,0.9480482196075,0.9448918900000001,0.80206033350000006,1.1112035100000002,0.89364203,0.997732325
2013-11-25,0.8910970387575,0.8882248699999999,0.7581307015,1.0431240275,0.8413342325,0.9373974975
2013-12-02,0.8677534802975,0.8652102049999999,0.7413387764999999,1.0109126800000001,0.8179146625,0.9137968025
2013-12-09,0.89137518927,0.889043175,0.76085450475,1.0347056725000001,0.841770315,0.937161905
2013-12-16,0.931836139025,0.9289813650000001,0.79185992825,1.0917427775000001,0.8803272125,0.98154243
2013-12-23,1.03472202725,1.03202235,0.888946359,1.208399135,0.975632335,1.0887652749999999
2013-12-30,1.1382146837675,1.13474145,0.9583846509999999,1.3459173325,1.069295475,1.2019307499999998
2014-01-06,1.1324533658125,1.1279868,0.9678290472500001,1.319837995,1.0716440999999999,1.1895427
2014-01-13,1.10177594025,1.0970558000000001,0.9428042674999999,1.28070206,1.0420721999999998,1.1573549
2014-01-20,0.9995469058275,0.9960242100000001,0.8473667432499999,1.1708144274999999,0.9425888199999999,1.05220995
2014-01-27,0.8780169418175,0.8729646200000001,0.74120669125,1.0351195475,0.8251082349999999,0.92743296
2014-02-03,0.7795924177875,0.77500074,0.66362082375,0.9175649987500001,0.7347357075000001,0.821310595
2014-02-10,0.714321865185,0.71023538,0.60945891275,0.84147468125,0.674317675,0.7504526025
2014-02-17,0.6994601535725,0.696051995,0.5948391120000001,0.8228668570000001,0.6606247000000001,0.7362212775
2014-02-24,0.7174879234525,0.71405132,0.60873919575,0.84499722275,0.6770064599999999,0.7558355775
2014-03-03,0.7691783376975,0.76553891,0.64944322375,0.907437464,0.7249629125,0.8103234650000001
2014-03-10,0.8365794343975,0.8324074450000001,0.7055391164999999,0.989902214,0.787421885,0.8835390025000001
2014-03-17,0.92585256529,0.920728625,0.784334391,1.0928915425,0.8709108750000001,0.976799545
2014-03-24,1.00183059617,0.99696717,0.851371016,1.1786948549999998,0.94429677,1.054983575
2014-03-31,1.04486839434,1.0410781,0.8904602482499999,1.2216134225000002,0.9843995025,1.1009901999999998
2014-04-07,1.0637261723725,1.0589783000000002,0.9058055732499999,1.2453897,1.0037592,1.1204393000000001
2014-04-14,1.0870043371825,1.0843026999999998,0.916976973,1.2775005525,1.023765275,1.1443441500000002
2014-04-21,1.076982847085,1.07292635,0.91231864725,1.2661365425,1.0154684,1.133316325
2014-04-28,1.1130985385975,1.1092057,0.9420185984999999,1.30514477,1.0506895,1.1716662
2014-05-05,1.1749234986325,1.1718335,0.994507846,1.3766878225,1.1072400500000001,1.2370556499999998
2014-05-12,1.21999582728,1.216338,1.0377647150000002,1.4302431225,1.152531425,1.2829816
2014-05-19,1.2925416259825,1.28767685,1.1067497425,1.508883955,1.22035975,1.3576356500000002
2014-05-26,1.352859438375,1.34859645,1.164000865,1.5789914,1.276216,1.4199427
2014-06-02,1.419695110875,1.4146861,1.2237156274999998,1.65827014,1.340050325,1.4911727
2014-06-09,1.4955210531,1.4891689000000001,1.2843107075,1.7544226600000001,1.409927625,1.571095875
2014-06-16,1.558700117175,1.54958375,1.3342439700000002,1.83265623,1.469534025,1.6382516
2014-06-23,1.5697124953,1.56183275,1.3403498175,1.8441643175,1.4794695249999998,1.648814275
2014-06-30,1.548589287825,1.5399668499999999,1.32381584,1.8103988850000001,1.4658235999999998,1.627006475
2014-07-07,1.443595770225,1.4407865499999999,1.2394959475,1.6831599925,1.3678581,1.512197225
2014-07-14,1.28709603169,1.2825857,1.0990007474999999,1.4933729550000001,1.217656325,1.3522405249999998
2014-07-21,1.12063052206,1.115523,0.9561260420000001,1.3077880450000001,1.05815985,1.180373475
2014-07-28,0.95224844136,0.947294125,0.8074446315,1.1175313825,0.896392535,1.003575175
2014-08-04,0.8021773776475,0.797281915,0.67853417175,0.9462393732500001,0.75485607749999994,0.8457388424999999
2014-08-11,0.68814743548,0.6839080500000001,0.58567272,0.8084297100000001,0.6483451625000001,0.7240187025
2014-08-18,0.6404022709675,0.63687062,0.54780767025,0.7472737235,0.6041614275,0.67352982
2014-08-25,0.66448111437,0.6618109750000001,0.5689652642499999,0.769633621,0.6271571499999999,0.6983110475
2014-09-01,0.726291446465,0.724011645,0.6212215929999999,0.8440605412500001,0.686240785,0.764388475
2014-09-08,0.8235513477025,0.82115541,0.70419172075,0.960708111,0.77756511,0.8670952575
2014-09-15,0.90170708721,0.8987551899999999,0.7694971845,1.0525570575,0.8490198075,0.9502957000000001
2014-09-22,0.9835595247025,0.97963195,0.8359921905000001,1.1560862,0.9265616124999999,1.03599685
2014-09-29,0.96145812912,0.95814206,0.8204902737499999,1.12354713,0.90570558,1.01100575
2014-10-06,0.894738969265,0.89140515,0.7630924577499999,1.048133025,0.8441710675,0.9409794775
2014-10-13,0.8032080547625,0.799172295,0.682441918,0.9403937877499999,0.75972794,0.8461287650000001
2014-10-20,0.725901312635,0.723840875,0.61952264975,0.8470055490000001,0.6857907074999999,0.761875965
2014-10-27,0.670559257205,0.66753767,0.57110859475,0.7877406615,0.6319587225,0.7064200875
2014-11-03,0.6471737133175,0.64288963,0.5460979277500001,0.7652749252500001,0.6073152125000001,0.68294974
2014-11-10,0.676850463345,0.674004245,0.572572568,0.7995417777500001,0.6348663999999999,0.71576379
2014-11-17,0.7300032191725,0.726542225,0.61659588,0.8608185572500001,0.68420256,0.7724230925000001
2014-11-24,0.8092898356925,0.8070567200000001,0.6831634679999999,0.9453837837500001,0.76155303,0.8541849775000001
2014-12-01,0.911730967105,0.909027095,0.7663695477500001,1.07471193,0.8576555349999999,0.9629314725
2014-12-08,1.0143462353375,1.0123029,0.85943218725,1.1922432725,0.9549147825000001,1.0684484749999998
2014-12-15,1.089529988785,1.0853812999999999,0.9248157055,1.28001684,1.026772025,1.148196525
2014-12-22,1.1446660616925,1.14077965,0.96981044475,1.3479272,1.078765375,1.2070885
2014-12-29,1.1898345973725,1.1850226,1.0066888225000001,1.4025586975,1.121157625,1.2541573
2015-01-05,1.18057706523,1.174109,0.99890767625,1.3915419425,1.1115664,1.2450535249999999
2015-01-05,1.20262201281,1.19569665,1.0245567475,1.4135041700000002,1.133997125,1.2677489499999999
2015-01-12,1.173810178645,1.1684318,1.002679185,1.37248214,1.108803425,1.2377608
2015-01-19,1.1088345656275,1.1047626,0.944440837,1.2940884400000001,1.046900575,1.166712675
2015-01-26,1.0323350741275,1.03106395,0.8746645645,1.2113568799999999,0.9738368675,1.0856017
2015-02-02,0.94429776929,0.9417526,0.7946653857500001,1.1125506100000002,0.8892201200000001,0.99680032
2015-02-09,0.84635212613,0.84351205,0.7144532295,0.99875191025,0.79451882,0.8954899225
2015-02-16,0.78327554618,0.7784035499999999,0.66243002,0.919641555,0.7355980274999999,0.82943561
2015-02-23,0.741321097995,0.73697759,0.6270463237499999,0.870991531,0.6964927224999999,0.7826334675000001
2015-03-02,0.7312414705,0.7271617100000001,0.6215592907499999,0.86154159475,0.6871920650000001,0.7720309025000001
2015-03-09,0.7312648609875,0.728329835,0.618659774,0.86066387375,0.68702252,0.7709526074999999
2015-03-16,0.752733214685,0.7502838350000001,0.63492468975,0.891183242,0.707037405,0.79335606
2015-03-23,0.7967551760625,0.7945763100000001,0.6689373700000001,0.9423747405,0.7474485525,0.8419255400000001
2015-03-30,0.863333481865,0.860022845,0.727931353,1.0222456625,0.8119505499999999,0.911388705
2015-04-06,0.95555695315,0.951864485,0.805043038,1.1329898425,0.89874217,1.00698585
2015-04-13,1.025491563225,1.02021195,0.86531922175,1.2103223225,0.9652098874999999,1.0810683
2015-04-20,1.0889286784025,1.0836564000000002,0.9187152829999999,1.289508335,1.0245052000000001,1.1465226499999999
2015-04-27,1.1493994808275,1.14383485,0.972910476,1.3605356575,1.0813147,1.211550275
2015-05-04,1.1461958030675,1.14151485,0.9695081630000001,1.35402749,1.0792594,1.207345575
2015-05-11,1.1426893387725,1.139036,0.965767759,1.3435183475,1.07567115,1.20441555
2015-05-18,1.1619277556475,1.156271,0.9864074065,1.36503007,1.094174325,1.224979325
2015-05-25,1.20087147543,1.19555945,1.01426708,1.4183419025,1.1291773,1.2657093499999998
2015-06-01,1.22224632001,1.2180631499999999,1.0354216525,1.4342384875,1.1517650000000001,1.2866758249999999
2015-06-08,1.286707053435,1.2824598,1.092288015,1.5023079775,1.2109867749999998,1.3575746249999998
2015-06-15,1.3581136506975,1.35289935,1.1535896824999998,1.5852639725000002,1.280678375,1.4314515499999998
2015-06-22,1.3988826501,1.39345735,1.18392725,1.6326788925,1.3205909,1.47464115
2015-06-29,1.391206742875,1.38593435,1.1812140775,1.6339674800000001,1.3150281750000001,1.4619756250000002
2015-07-06,1.350873420565,1.3445679,1.1483133250000002,1.5854355999999998,1.2751579499999999,1.4196027249999998
2015-07-13,1.2083680218425,1.2038229500000002,1.03216383,1.415658255,1.14215745,1.26972565
2015-07-20,1.06434489127,1.0608315,0.9072019185,1.2390911150000001,1.005271375,1.120666025
2015-07-27,0.976982742035,0.97408403,0.82676772425,1.1415980675000001,0.9186628749999999,1.0302818249999999
2015-08-03,0.9101529143975,0.90647996,0.77202596025,1.0661611675000002,0.856108325,0.961160455
2015-08-10,0.88950304245,0.8859430749999999,0.75674516425,1.04536957,0.8358035,0.939294635
2015-08-17,0.9117818315975,0.90876923,0.77272268,1.0764620175000001,0.8567029925,0.963216835
2015-08-24,0.97472878729,0.970668275,0.828555638,1.1480225675000002,0.91673243,1.027560475
2015-08-31,1.0472192512825,1.04201065,0.8886675872500001,1.2336406125,0.9858001425,1.104508225
2015-09-07,1.058549255015,1.0522285999999998,0.9005404985000001,1.2437849099999998,0.9980256925,1.1158415750000001
2015-09-14,1.0512924284425,1.04677565,0.8959180685,1.2348625275,0.9906381825,1.1061019
2015-09-21,1.032729155455,1.02760505,0.87387469125,1.2160747475000002,0.971897265,1.0870384
2015-09-28,0.99572249793,0.99115519,0.84002016975,1.1700891174999999,0.9368765849999999,1.049169975
2015-10-05,0.9860034426875,0.9834747850000001,0.83252326625,1.1635302,0.9281403875,1.040249175
2015-10-12,0.97513676916,0.971701555,0.8253124605,1.1449668800000001,0.9184012125000001,1.027539875
2015-10-19,0.9722447750175,0.96897072,0.8251254235,1.14437145,0.9150533949999999,1.0227020750000002
2015-10-26,0.9972118627175,0.994355,0.846388553,1.1725950525,0.938320685,1.0504485
2015-11-02,1.0090343650125,1.00483075,0.854176111,1.1865051574999999,0.9499202499999999,1.06447895
2015-11-09,1.01189429714,1.00740655,0.85565703475,1.19042898,0.9523778025,1.066045775
2015-11-16,1.033985447315,1.02865505,0.8748787372500001,1.21691587,0.9745025174999999,1.08930965
2015-11-23,1.1048430421225,1.0994457,0.93435965575,1.3020353700000002,1.0407395,1.1624033249999999
2015-11-30,1.1772261883875,1.1730932,0.9988046705,1.3872711575,1.1095521499999998,1.238270125
2015-12-07,1.28720184243,1.28225535,1.0971480375,1.5096351675,1.213789175,1.3547005
2015-12-14,1.427619057325,1.4213987000000001,1.22250305,1.668784565,1.3475474250000001,1.5003908250000002
2015-12-21,1.557661833625,1.55086215,1.3379454725,1.81518776,1.471290225,1.6399559250000002
2016-01-04,1.618202938725,1.61044485,1.3893717425,1.89341524,1.530912475,1.697915425
2016-01-11,1.596972691775,1.5892135,1.3562834124999998,1.8729001,1.5077001499999998,1.67863965
2016-01-18,1.4460684824,1.440019,1.24229665,1.6968869,1.367000125,1.5176454750000001
2016-01-25,1.265719329025,1.2612974499999998,1.0827517899999999,1.4787870025,1.196642825,1.3281778499999999
2016-02-01,1.0781880773175,1.072622,0.920409378,1.2579101300000002,1.01792435,1.134720275
2016-02-08,0.9464608867875,0.94159856,0.80676907825,1.1021182475,0.8940169849999999,0.9955916899999999
2016-02-15,0.858139468025,0.8538789250000001,0.729806757,1.0047928375,0.8103754274999999,0.9035188175
2016-02-22,0.8156814481175,0.8133162949999999,0.696508014,0.953579781,0.7699470825,0.8588917125000001
2016-02-29,0.80702141176,0.8033373699999999,0.68813745675,0.94138692025,0.7618430274999999,0.84911303
2016-03-07,0.81087347113,0.80771985,0.6884643457499999,0.9493243415,0.763382655,0.85507841
2016-03-14,0.8085106349325,0.805307735,0.6860318895,0.945841766,0.7612472025,0.8518717975
2016-03-21,0.790767555595,0.78815291,0.66887493725,0.9307635702500001,0.7447578225,0.8333936625
2016-03-28,0.7606073461425,0.757769835,0.6468773005,0.89202869225,0.7172861875000001,0.800050045
2016-04-04,0.73914095596,0.736779035,0.62908547525,0.8664930905,0.6977716500000001,0.7783646249999999
2016-04-11,0.735473765815,0.732646965,0.6265038475,0.8595556050000001,0.692253125,0.7758378825000001
2016-04-18,0.747942003685,0.7433872699999999,0.6334856875,0.8807927507500001,0.7054496325,0.7881578975
2016-04-25,0.7697543840625,0.766916845,0.6529485027499999,0.9069646897500001,0.7245831224999999,0.8110345400000001
2016-05-02,0.80954327113,0.80621348,0.68893911075,0.9491915172500001,0.76209446,0.853928085
2016-05-09,0.8410805413125,0.837586655,0.715808038,0.98871256575,0.79336411,0.8839994149999999
2016-05-16,0.870272912675,0.86582576,0.7413691515,1.0197573425,0.8215392625,0.91629468
2016-05-23,0.91802504839,0.91425939,0.78430212575,1.0767562650000002,0.863899675,0.9650179699999999
2016-05-30,0.9372674130674999,0.933491745,0.7967426715,1.10551695,0.8822929799999999,0.986631905
2016-06-06,0.9892880227375,0.9862539749999999,0.8386757335,1.1603041175,0.9316502325,1.0417501
2016-06-13,1.0559539213125,1.05152285,0.88398847675,1.258660315,0.98850362,1.118058
2016-06-20,1.08762408476,1.08591675,0.9168054487499999,1.2759282275000001,1.026158825,1.14501905
2016-06-27,1.14757089142,1.14472025,0.9713645202500001,1.3420220200000001,1.0812834,1.2089378249999998
2016-07-04,1.13242332781,1.12829575,0.96137890875,1.3245998225000002,1.068638775,1.1925551
2016-07-11,1.122327452125,1.1175755,0.950035494,1.3150335975000003,1.057969875,1.1801590499999999
2016-07-18,1.0633147998875,1.0580136,0.89564863025,1.25422163,0.9996812075,1.12016925
2016-07-25,0.9954277528125,0.9888678049999999,0.8385384939999999,1.1769308025000003,0.9364252425,1.0530439249999999
2016-08-01,0.98298074319,0.978678605,0.8244792670000001,1.1630744250000002,0.9250413575,1.0364349
2016-08-08,1.02767749085,1.0231761499999998,0.8610631814999999,1.2130307525000001,0.9682434225000001,1.08354635
2016-08-15,1.0895836079,1.087714,0.90404381225,1.2878692925000002,1.02292745,1.152251425
2016-08-22,1.097604904685,1.0957758,0.930710033,1.282686845,1.0354617,1.154123975
2016-08-29,1.075272430505,1.0712845,0.9193690875,1.251641105,1.0152242999999999,1.130446075
2016-09-05,0.9898496161575,0.983028805,0.84289482125,1.1567295675,0.9313282949999999,1.0440852999999999
2016-09-12,0.873440410285,0.86790955,0.7377677247500001,1.0294537625,0.8191770724999999,0.9228898875
2016-09-19,0.74872229011,0.7460102900000001,0.6300362107499999,0.88698116775,0.700471335,0.791987585
2016-09-26,0.649766121175,0.646942405,0.5458398427500001,0.77058229775,0.6087153000000001,0.6878665775000001
2016-10-03,0.5905615636175,0.58824958,0.49543160525,0.69974641675,0.5544748349999999,0.624108995
2016-10-10,0.577621264085,0.57493255,0.48545910275,0.6860158605,0.542438565,0.610639075
2016-10-17,0.6086086727525,0.60610634,0.5133928944999999,0.7199055872500002,0.570370215,0.64415457
2016-10-24,0.6768408377425,0.6749617299999999,0.5656851915,0.7985242445,0.635298255,0.7163729175
2016-10-31,0.787085097615,0.78371535,0.6534081932500001,0.93493199125,0.7388632725000001,0.8347031125
2016-11-07,0.842425025955,0.8398880799999999,0.7020186327500001,1.006230925,0.7886046725,0.8928348150000001
2016-11-14,0.9057047280175,0.9004255999999999,0.7542558475,1.0809483325,0.8474342525,0.95919724
2016-11-21,0.941456247625,0.9383375199999999,0.7797183035,1.1245866075000002,0.881946225,0.9961206125
2016-11-28,0.9087768416075,0.905921195,0.75726556525,1.0807149,0.8520301875,0.9618712575
2016-12-05,0.90313108068,0.90071612,0.75286785125,1.0709110800000001,0.8467010024999999,0.9554581
2016-12-12,0.92099237953,0.916887285,0.759563886,1.1009386024999999,0.8600259175,0.9764197674999999
2016-12-19,0.9533628740075,0.95127377,0.7874836757499999,1.137095975,0.8905710950000001,1.0103842250000001
2017-01-02,1.026391056235,1.0218767,0.84926090875,1.2234349350000002,0.9610674875,1.0862493
2017-01-09,1.07495640167,1.0714891500000001,0.88911122675,1.288671265,1.0038330750000002,1.137775375
2017-01-16,1.075611348065,1.0710815500000002,0.88768801625,1.2853879025000001,1.006184675,1.1411506
2017-01-23,1.0350242438425,1.02946425,0.85037373325,1.243843635,0.9668026475,1.0994969499999998
2017-01-30,0.92952820372,0.92508842,0.7688463467500001,1.1143058925,0.8685769525,0.9868022224999999
2017-02-06,0.82030846758,0.815533025,0.68088343975,0.9859288475000001,0.7663765375,0.8709853675
2017-02-13,0.741610756995,0.7386976599999999,0.61370000525,0.8931709040000001,0.6914222125,0.7872953775
2017-02-20,0.69825512843,0.6939527400000001,0.5723407515000001,0.84476682125,0.6499934675000001,0.7434061000000001
2017-02-27,0.681094860135,0.676556945,0.556508114,0.83098695425,0.632773885,0.725148385
2017-03-06,0.716078990535,0.71083772,0.5817099720000001,0.8782236920000001,0.6638153125,0.7642416249999999
2017-03-13,0.78709580223,0.7815005500000001,0.6394537669999999,0.96461207975,0.7306965675,0.8407101425
2017-03-20,0.869951500175,0.86584237,0.7047860045,1.05692857,0.8066900124999999,0.9283330375000001
2017-03-27,0.96454680203,0.95836766,0.7824949597499999,1.1680043575,0.8932655625,1.031534525
2017-04-03,1.0193929415375,1.0139653499999999,0.82897197725,1.23204317,0.94704412,1.089637025
2017-04-10,1.0439187349475,1.040249,0.8488296439999999,1.2590500225,0.9691861174999999,1.1138724
2017-04-17,1.0591674254475,1.0550302,0.86346501575,1.2837997700000001,0.9835605999999999,1.129722525
2017-04-24,1.0832193607775,1.07848735,0.88762197525,1.3126641675000001,1.00734805,1.153655175
2017-05-01,1.1018059579,1.097094,0.8991053065,1.3279365525000002,1.02557235,1.1741677750000001
2017-05-08,1.153236530055,1.1491218,0.939417737,1.389801225,1.072555025,1.229180725
2017-05-15,1.2138948003325,1.20894915,0.9949617530000001,1.4609211675,1.1292101250000002,1.2918588500000001
2017-05-22,1.2956989623975,1.2904008999999999,1.061369595,1.5614057225,1.2062245249999999,1.3774716
2017-05-29,1.3220472994325,1.3159741500000002,1.0899061825,1.5762793325,1.23668125,1.403798575
2017-06-05,1.333598604655,1.32725925,1.10679124,1.5878376375,1.248620275,1.414364425
2017-06-12,1.2775446546375,1.26990765,1.062869855,1.52284295,1.195910325,1.3538806
2017-06-19,1.20952798791,1.20247375,1.0073162100000002,1.44955324,1.132421425,1.2820501750000002
2017-06-26,1.0891708310525,1.08304505,0.9062929909999999,1.303578825,1.017737575,1.1555832750000001
2017-07-03,0.97411515513,0.969078635,0.8068018147500001,1.1753475550000003,0.9081600400000001,1.0355463249999999
2017-07-10,0.90877658698,0.9048732349999999,0.74912986225,1.09348701,0.84814361,0.9672941425
2017-07-17,0.87703194095,0.87274374,0.7198826597500001,1.0575014625,0.8172150199999999,0.9315952925
2017-07-24,0.8656920775175,0.8616611700000001,0.7138806565,1.0413296950000002,0.8070520274999999,0.9199320799999999
2017-07-31,0.88196137531,0.877338155,0.7340009559999999,1.05691749,0.8229384074999999,0.9377009325
2017-08-07,0.9151971467225,0.91158959,0.749171146,1.1029093425,0.85149565,0.97418695
2017-08-14,0.9075632977375,0.904225665,0.7379984405,1.09170461,0.8449330925,0.96802562
2017-08-21,0.9016961777125,0.897930465,0.7297643855,1.09060694,0.83793742,0.96286268
2017-08-28,0.8866174512975,0.88197554,0.7237122890000001,1.0711778725,0.82164126,0.9465863975000001
2017-09-04,0.9063572600925,0.9034704499999999,0.74727695275,1.0977362849999999,0.8406382325,0.9654498225
2017-09-11,0.915014736845,0.9109459799999999,0.75342930025,1.0969640550000004,0.8524616,0.9730301800000001
2017-09-18,0.9487902553025,0.945385835,0.7825854035,1.1394833,0.8855638475000001,1.008314275
2017-09-25,1.05141850785,1.04772205,0.8652120895000001,1.2652311525,0.9812755475,1.1166696999999999
2017-10-02,1.1887332231725,1.1853083,0.9766722739999999,1.4285885325,1.108174425,1.26250215
2017-10-09,1.29599019076,1.2898486999999998,1.0683314700000002,1.55722871,1.210455875,1.374851775
2017-10-16,1.33094721998,1.3260502,1.1023726825,1.6006267825000002,1.244318325,1.405917675
2017-10-23,1.2261910649575,1.2191323,1.0178221975000001,1.4722834625,1.1458080000000002,1.3019224999999999
2017-10-30,1.0436995844925,1.03729815,0.867370794,1.2553621475,0.974345455,1.107887225
2017-11-06,0.828364441665,0.823121015,0.6799553467499999,1.005434015,0.7697288575,0.88107778
2017-11-13,0.6722311914125,0.669210455,0.5383453734999999,0.8276794435,0.6202750925,0.7181750325
2017-11-20,0.6510254335025,0.64713184,0.52570801175,0.80733893075,0.60139484,0.694903095
2017-11-27,0.6945182200975,0.691623235,0.560574853,0.8526918155000002,0.6418040275,0.7415490249999999
2017-12-04,0.85556974355,0.8494571200000001,0.68859067075,1.0474501025,0.7928611775,0.913476125
2017-12-11,1.0990426162225,1.0921471500000002,0.8997224862500001,1.3292545525000001,1.023829125,1.1665925000000001
2017-12-18,1.42198590625,1.4136953,1.17206899,1.7081709025,1.326232275,1.5102309999999999
2017-12-25,1.630938387325,1.62507905,1.3522217975,1.957590165,1.524705475,1.7239478
2017-12-25,1.648763294525,1.6431149,1.37278698,1.97104914,1.545696125,1.742901325
2018-01-01,1.45287791025,1.44504965,1.2173910074999998,1.7244309925,1.3617727499999999,1.5382895
2018-01-08,1.14061445515,1.136526,0.95683280075,1.35676527,1.0666857,1.205980725
2018-01-15,0.9067972753675,0.901577645,0.7490745934999999,1.0948707625,0.846131905,0.9596697325
2018-01-22,0.7515427776075,0.7483109299999999,0.6157970145,0.914645,0.6999643799999999,0.796809705
2018-01-29,0.7080866842225,0.70377907,0.57704737075,0.861539826,0.65737021,0.7523389725
2018-02-05,0.7554778035875,0.750370845,0.6125027855,0.92455732175,0.7008052975,0.8048737724999999
2018-02-12,0.79614667724,0.7903645850000001,0.648381015,0.9713126182499999,0.7381204825000001,0.847648885
2018-02-19,0.870120105215,0.86449352,0.7072215605,1.05826891,0.80899664,0.92653551
2018-02-26,0.9160091628475,0.9120640250000001,0.7474291005,1.1186979700000002,0.8494187900000001,0.9761646275
2018-03-05,0.931832043815,0.927415675,0.75810280625,1.1308593675,0.8621326524999999,0.9939860075
2018-03-12,0.8918227118825,0.886338365,0.72844960425,1.0884369475,0.8273414299999999,0.9504160024999999
2018-03-19,0.8825835039675,0.876805205,0.72015087125,1.0757490950000002,0.8194949549999999,0.941383745
2018-03-26,0.9189110454,0.912308925,0.74763057225,1.1176959125000001,0.85381619500000006,0.9801028199999999
2018-04-02,1.0316311512175,1.0275601,0.84052238825,1.2450281349999999,0.9589430299999999,1.0984370500000002
2018-04-09,1.19388129938,1.1895889,0.98051420025,1.437422275,1.1117184249999998,1.2712721249999999
2018-04-16,1.3933418206775,1.3880938,1.143138045,1.6718393525,1.301266,1.480628525
2018-04-23,1.575612899,1.56838175,1.2973748675,1.88025685,1.476389975,1.6727272
2018-04-30,1.537884774375,1.5291375999999999,1.2739331474999998,1.8329000025,1.4421182250000002,1.629020425
2018-05-07,1.4023514399775,1.39452695,1.166789345,1.6721543200000002,1.3138689000000001,1.484970525
2018-05-14,1.2495145934675,1.2442495500000001,1.0424039049999998,1.4980079999999998,1.169128675,1.3239649249999998
2018-05-21,1.07655992943,1.0718277999999999,0.888769057,1.2886089275,1.007930575,1.1411108250000002
2018-05-28,0.98064471999,0.97494014,0.81254723875,1.1670802875,0.9174056825000001,1.039462375
2018-06-04,0.926234686495,0.920168845,0.76280511775,1.107950365,0.865359905,0.9837450775
2018-06-11,0.97200983374,0.96830911,0.8031108724999999,1.1607729,0.9086368425,1.03166575
2018-06-18,0.9913280106575,0.98650013,0.8181101055,1.1910683949999998,0.926718475,1.0511358
2018-06-25,0.9934565481575,0.9889980700000001,0.82366455925,1.1913026924999999,0.9294174199999999,1.0532317249999998
2018-07-02,0.9148192926025,0.91136328,0.75077508824999994,1.1036379975,0.8510196925,0.972137205
2018-07-09,0.8726965804875,0.868239035,0.71546401275,1.0548421625,0.8119904675,0.9288773375
2018-07-16,0.8525649857725,0.84808585,0.70201226425,1.0371285875,0.7923927900000001,0.9077479074999999
2018-07-23,0.86847933617,0.862990895,0.71445636525,1.055504345,0.8057011350000001,0.9246547675
2018-07-30,0.9069508522025,0.9003302550000001,0.75053532,1.093960065,0.84312055,0.9657756275
2018-08-06,1.029392669435,1.02240215,0.85052009075,1.2332215450000001,0.9584185500000001,1.095379025
2018-08-13,1.1717481140975,1.16384045,0.96828187375,1.4143200925,1.090331925,1.2472267750000001
2018-08-20,1.2786197193025,1.27201795,1.0573768049999999,1.5488695425,1.187840075,1.360424025
2018-08-27,1.3063628522225,1.29879425,1.076571205,1.5778113375,1.2167312,1.3891087
2018-09-03,1.160534581175,1.1537135,0.95407155775,1.4034760675000002,1.084244175,1.23197045
2018-09-10,0.9804204288825,0.9745988750000001,0.80694692375,1.1834185525,0.9146105649999999,1.0426099500000001
2018-09-17,0.865455939205,0.860360775,0.70793291975,1.04827033,0.8068111175,0.9201363825
2018-09-24,0.80644832123,0.802115965,0.66089386775,0.9778592595,0.751237325,0.85752059
2018-10-01,0.84996274788,0.845613935,0.69487160375,1.03313609,0.7897405875,0.9044947475
2018-10-08,0.9392109014725,0.9336768499999999,0.7715735575,1.1328796525,0.8760940275,0.9966186275
2018-10-15,1.134858580015,1.1286147500000001,0.9395485732500001,1.3659633975000003,1.060837625,1.20542165
2018-10-22,1.2764326560875,1.27060215,1.0567160525,1.541547815,1.19272035,1.3520666000000001
2018-10-29,1.398080932875,1.38817895,1.1567462099999999,1.6829321875,1.307710725,1.483972625
2018-11-05,1.4748132891,1.4661429,1.2270018550000001,1.7630546249999999,1.3778009999999998,1.56494305
2018-11-12,1.3513431835175,1.3452440499999998,1.13139713,1.6029240974999999,1.26555185,1.4332567999999999
2018-11-19,1.2553322442325,1.2502721499999998,1.0506436774999999,1.4912509999999999,1.1757479,1.326419375
2018-11-26,1.2142976571275,1.20861415,1.01990238,1.4388956425000001,1.140367875,1.2819822
2018-12-03,1.2380637923425,1.2322077,1.0408231325,1.4659853250000001,1.161423875,1.3081928999999999
2018-12-10,1.351040131775,1.3423776,1.13253114,1.6076455,1.268771575,1.4288023749999998
2018-12-17,1.50208119635,1.4916315,1.2653489375000002,1.7898903874999998,1.40952365,1.586927825
2018-12-24,1.63239580965,1.6223402,1.3758134124999999,1.9373895500000002,1.5325942250000002,1.7224921499999999
2019-01-07,1.658082056425,1.65028565,1.4055141649999998,1.9525354325,1.5602252250000002,1.7515570999999999
2019-01-14,1.563557542075,1.55715365,1.3260417924999999,1.8320786025,1.47198985,1.6470704250000001
2019-01-21,1.349463102475,1.3431578,1.1492279675000001,1.57952977,1.272866075,1.4227475
2019-01-28,1.1435730757375,1.13821295,0.963306025,1.34723566,1.0767961499999998,1.2070811750000001
2019-02-04,1.000071041295,0.997927545,0.84139478025,1.1809536,0.9397504975,1.0554405
2019-02-11,0.924295568115,0.9207714,0.7780680937500001,1.0911976525,0.8697094274999999,0.9743415474999999
2019-02-18,0.8772728501025,0.8732875,0.7391725024999999,1.032845245,0.8260123799999999,0.9248077724999999
2019-02-25,0.8484192218125,0.8452163349999999,0.71580105475,0.995910394,0.7988919375,0.8942122325
2019-03-04,0.8112831858375,0.80940336,0.68533463525,0.9523987575,0.76302438,0.8560627625
2019-03-11,0.7713412312175,0.769166275,0.6484050335,0.90845986875,0.7235127725000001,0.8152254525
2019-03-18,0.7316393100075,0.728754585,0.61075277325,0.8674873192500001,0.68630141,0.7733648949999999
2019-03-25,0.705948866755,0.7040718450000001,0.5896225025,0.84081442025,0.662863555,0.7460217575000001
2019-04-01,0.721961068275,0.719065705,0.60565040975,0.85857430125,0.67626601,0.76357268
2019-04-08,0.82182213483,0.81867132,0.6890841449999999,0.97005946275,0.7705003675,0.8709275875
2019-04-15,1.0059649910675,1.00146625,0.84845175075,1.1815742375,0.947138065,1.0612991999999999
2019-04-22,1.2862411790125,1.2820136,1.0860240325000001,1.5072010700000003,1.210578575,1.3570400999999999
2019-04-29,1.6310982169,1.62573385,1.3814706849999998,1.9155609425,1.5371188999999998,1.719883425
2019-05-06,1.904033618875,1.8973279,1.6116422075,2.2256519624999997,1.79375925,2.0027696749999997
2019-05-13,1.98767470495,1.9823176,1.6845270525,2.3272475775,1.8786601,2.0906623
2019-05-20,1.953727065725,1.94945325,1.6725202799999999,2.2796480750000003,1.850914675,2.052499825
2019-05-27,1.731917965,1.72920115,1.4952360575,2.00893955,1.636903275,1.818945925
2019-06-03,1.51383108235,1.5101464,1.301104745,1.760763985,1.42915295,1.59282685
2019-06-10,1.384616971725,1.3811174,1.17853639,1.6222704875,1.3073586,1.455703875
2019-06-17,1.3002293185725,1.29390165,1.1002505075,1.523634455,1.226603275,1.368016675
2019-06-24,1.2982094121025,1.2918709000000002,1.1027096799999998,1.5232963175,1.22345025,1.3659705249999998
2019-07-01,1.359650154175,1.351775,1.1522388300000002,1.6036175100000003,1.282508425,1.43075595
2019-07-08,1.3313032937875,1.32374545,1.1388376075,1.5614100050000004,1.258803425,1.398614175
2019-07-15,1.3164216938725,1.31043135,1.1248411425,1.539999995,1.24387285,1.3820273
2019-07-22,1.202370668435,1.1982458500000002,1.0312376325,1.3963665,1.1372475,1.2631956500000001
2019-07-29,1.092161170465,1.0885604500000001,0.9348185357500001,1.26671907,1.0315089,1.149248575
2019-08-05,0.9903637162925,0.98713797,0.8490983172500001,1.1474432425,0.9347962825,1.04251425
2019-08-12,0.9057439088125,0.9027163300000001,0.77158110125,1.0562501825,0.8541259425000001,0.95290986
2019-08-19,0.8446159395425,0.8413901100000001,0.72155644225,0.98880276825,0.79598847,0.889603615
2019-08-26,0.7840188712375,0.780467135,0.6685804135,0.91960350275,0.7392454775,0.82448999
2019-09-02,0.7491678932875,0.7462227699999999,0.6388555867500001,0.8745848352500002,0.7072880325000002,0.78801604
2019-09-09,0.7091128022475,0.7065915899999999,0.60323906775,0.830013218,0.6690980225000001,0.7463092375
2019-09-16,0.679178925165,0.676396805,0.5770435067499999,0.79559467975,0.639294655,0.7155620174999999
2019-09-23,0.68118040621,0.6801657299999999,0.57501208725,0.79993423225,0.64099957,0.7187673875
2019-09-30,0.6741783771,0.672799935,0.5723933670000001,0.7886104012499999,0.6363786950000001,0.7085192075
2019-10-07,0.7225310301075,0.7200313899999999,0.6126946075,0.8462106352500001,0.681503285,0.7602097525
2019-10-14,0.8113055771175,0.8091633899999999,0.68990514,0.9516339172500001,0.7635681975,0.8542505825
2019-10-21,0.958336771025,0.955495805,0.81464812225,1.1262779025,0.9018094225,1.009619625
2019-10-28,1.127622365015,1.1222740500000001,0.9583582412499999,1.3220465850000003,1.06096205,1.1888258500000002
2019-11-04,1.23977015696,1.2346211,1.0571243125,1.448444345,1.16963,1.30425525
2019-11-11,1.2629087132075,1.2584145,1.08406614,1.4658676175,1.192724425,1.3278845
2019-11-18,1.237436209925,1.2338966999999998,1.059099035,1.4364872525,1.1697962499999999,1.298713925
2019-11-25,1.1130956376,1.1089449,0.95342454975,1.2967617274999999,1.051634325,1.1679527749999998
2019-12-02,0.98105070745,0.9763395850000001,0.8388205655,1.14440743,0.9266798,1.0311895249999998
2019-12-09,0.9018738213025,0.89842292,0.7681876799999999,1.05323812,0.850841125,0.9496631824999999
2019-12-16,0.8790898574475,0.875917265,0.748716522,1.0291966399999999,0.8290332075,0.9275127200000001
2019-12-23,0.8877195002,0.88370288,0.75477538725,1.0381008075,0.836413745,0.9367205875
2019-12-30,0.9577923703675,0.95354973,0.81660227925,1.1169838475,0.90283325,1.008062175
2020-01-06,1.1085421113875,1.1033849999999998,0.9471313339999999,1.3043032525,1.04187925,1.167982625
2020-01-13,1.1891025093525,1.1850885,1.0196964675,1.383976625,1.1244184499999998,1.2478158000000001
2020-01-20,1.2469933581325,1.24174275,1.06892699,1.4517221575,1.17856025,1.3099441500000002
2020-01-27,1.2495551276175,1.2452128,1.06626281,1.4695189775000002,1.17746075,1.3149761500000001
2020-02-03,1.239459119645,1.2345054,1.0493930500000002,1.45827492,1.1691147,1.30407365
2020-02-10,1.1588165253475,1.1545079999999999,0.98391072025,1.35780312,1.0934657749999999,1.219364575
2020-02-17,1.0837498955925,1.0790749,0.92095128,1.2617348025000001,1.022446425,1.141271075
2020-02-24,1.0241575085925,1.0216629,0.87306000925,1.19780549,0.96699424,1.078204225
2020-03-02,0.9869470010475,0.98310714,0.84388825075,1.1487995,0.9311938075,1.0390205
2020-03-09,0.9674333215975,0.964020135,0.8287029534999999,1.1293946500000003,0.9136477000000001,1.0155449499999998
2020-03-16,0.966895521775,0.9628067250000001,0.8294786125,1.1338159575000002,0.9109986625,1.0151040249999999
2020-03-23,0.9719455371075,0.9675578499999999,0.8358287325,1.1336795975,0.9166348925000001,1.0233907500000001
2020-03-30,0.9791626046625,0.97513752,0.8394332745,1.1408530100000003,0.9237774375000001,1.0308216
2020-04-06,0.97154061902,0.967343815,0.82986013525,1.1340502925,0.9161677500000001,1.0225672749999999
2020-04-13,0.9952191153025,0.99051032,0.84574004825,1.1617429475,0.9399583775,1.047113075
2020-04-20,1.0169336662525,1.0130664500000002,0.8690001060000001,1.1894759525,0.960641475,1.069730625
2020-04-27,1.05369341805,1.04921225,0.8994755105,1.22834853,0.9955297475,1.1091434
2020-05-04,1.1473915424675,1.1436573,0.9771249537500001,1.334498715,1.083261725,1.206525425
2020-05-11,1.2444768136825,1.2379182499999999,1.0589119949999999,1.4493389525,1.174807875,1.31093075
2020-05-18,1.415566553125,1.40914905,1.21136991,1.64992239,1.334348825,1.4917042999999999
2020-05-25,1.5911725432,1.5860915,1.35808839,1.8598862950000001,1.49910145,1.676447425
2020-06-01,1.7058634772,1.70033575,1.4579541674999998,1.996628345,1.61054035,1.7924139250000002
2020-06-08,1.77806237915,1.7694515,1.5213936375,2.0819384124999996,1.6802100750000002,1.8702296999999999
2020-06-15,1.80344033915,1.7944230499999998,1.5459375224999998,2.099179485,1.70597365,1.8965377499999998
2020-06-22,1.7276370437,1.7186382500000001,1.4857132725,2.0100653775,1.63538805,1.815682375
2020-06-29,1.614081870025,1.6054862,1.3799291275,1.8792628650000003,1.52770815,1.6951205999999999
2020-07-06,1.46445014135,1.45757905,1.254208425,1.7037631924999999,1.384129275,1.5356642249999999
2020-07-13,1.351532749825,1.344831,1.15994447,1.5746921274999999,1.275424225,1.421558425
2020-07-20,1.2345904238075,1.2275629499999998,1.058753085,1.4358592449999998,1.169618775,1.2967307
2020-07-27,1.111534128755,1.1072763,0.94618224825,1.3023719725,1.050325925,1.168551
2020-08-03,1.0557114044425,1.05165635,0.9046327664999999,1.23231661,0.9957877225,1.1087668
2020-08-10,0.9631929252525,0.959640745,0.823792961,1.123596575,0.91154145,1.011420725
2020-08-17,0.86085597779,0.858190335,0.737758015,1.0002828925,0.81434168,0.9039522750000001
2020-08-24,0.7744771125525,0.773155145,0.665544951,0.89988817575,0.7328878825,0.8125135425000001
2020-08-31,0.67368543261,0.67077529,0.5736793105,0.786552573,0.637058145,0.707730795
2020-09-07,0.63648429446,0.633408295,0.54527309375,0.74295887925,0.6014643725,0.6682399475
2020-09-14,0.6210418453475,0.6182438100000001,0.52898304775,0.7276365845,0.586890895,0.6536005075
2020-09-21,0.6253891518025,0.6235096250000001,0.5307181222499999,0.7319989625000001,0.5894211125,0.6582069850000001
2020-09-28,0.6720330823375,0.67027609,0.5696428907500001,0.7867899845,0.63324037,0.7075379850000001
2020-10-05,0.7348754933825,0.73202576,0.625720861,0.85867037525,0.6930255075,0.77268641
2020-10-12,0.792663887795,0.78945557,0.6762081175,0.924501282,0.7500912525000001,0.832735635
2020-10-19,0.8407496703525,0.837954915,0.71845588950000006,0.980413803,0.7944230725,0.8828010625
2020-10-26,0.839163713905,0.83694552,0.7186516092499999,0.9777917305000001,0.7922757675,0.882384085
2020-11-02,0.7993262066825,0.797293805,0.6818190945,0.9363401805,0.7546594175,0.8409086225
2020-11-09,0.7320438904325,0.7305967,0.61910108625,0.8588681185,0.6902477775,0.7702821575
2020-11-16,0.68783013261,0.68579765,0.5831038902500001,0.80095310525,0.6491418125,0.72459787
2020-11-23,0.65595618967,0.65354467,0.557756627,0.7680948355,0.6178467225,0.6913649675
2020-11-30,0.6633346909425,0.65980299,0.5643629892500001,0.7772697862500001,0.6248757075,0.6998872525
2020-12-07,0.6702455790175,0.667734855,0.5698254524999999,0.78542384275,0.63102947,0.7068747675
2020-12-14,0.718101341805,0.716242575,0.611825699,0.84034862475,0.67650685,0.75534545
2020-12-21,0.76896046146,0.76550159,0.654182783,0.90035090825,0.72465115,0.8087047574999999
2021-01-04,0.7865823936625,0.781947505,0.6727153475,0.92539759475,0.7431736975,0.8271904575
2021-01-04,0.80387733417,0.8002933750000001,0.6839832374999999,0.95359032925,0.7573477425,0.844422505
2021-01-11,0.81269286819,0.8073901,0.688528164,0.966876908,0.7641936274999999,0.8562644475
2021-01-18,0.786090437635,0.782062605,0.6598427935000001,0.93509421275,0.7374229925,0.829833715
2021-01-25,0.81414431571,0.80870397,0.68503256425,0.9691534509999999,0.7643976975,0.8604619474999999
2021-02-01,0.8325354063075,0.82805697,0.7000434145,0.99084011725,0.7819540125,0.878990635
2021-02-08,0.8626440795375,0.8587302800000001,0.72585009375,1.0162115825,0.8119968825,0.9089876299999999
2021-02-15,0.92187389217,0.91999637,0.7760522695,1.0861223975,0.86966787,0.971935765
2021-02-22,0.9757181840875,0.973258335,0.82171878825,1.1449445649999999,0.9199830925,1.029225375
2021-03-01,1.00713157766,1.0040982,0.8530209939999999,1.18488736,0.9481273625000001,1.0622137
2021-03-08,1.006539319215,1.00048175,0.84889598,1.19091085,0.9465928175,1.0620992
2021-03-15,0.9800497760575,0.974392455,0.82623903075,1.1612079275,0.92132721,1.033363225
2021-03-22,0.9111052422125,0.9066719700000001,0.763832056,1.0850958275,0.85542892,0.96374513
2021-03-29,0.8459802963025,0.842044125,0.7091317739999999,0.9963229587500001,0.793112745,0.8932998449999999
2021-04-05,0.827867539635,0.82439697,0.6952363885,0.9763256395000002,0.7767975475,0.8754541675
2021-04-12,0.827239588725,0.82351175,0.6999895575,0.97485551525,0.7763462999999999,0.8736631425
2021-04-19,0.8698764058375,0.86542715,0.7291495155,1.030184285,0.816347905,0.918164015
2021-04-26,0.9268454916675,0.922152935,0.778785548,1.097322605,0.86926366,0.97915027
2021-05-03,1.0112735121175,1.00692145,0.8462486547500001,1.1987661349999998,0.9468569225,1.070379875
2021-05-10,1.111180379255,1.10622245,0.9259673629999999,1.3188030275,1.0418398,1.174355475
2021-05-17,1.1573752925775,1.1525372,0.9650502759999999,1.3687269475,1.089105875,1.224481675
2021-05-24,1.1681908790625,1.1643013999999998,0.9809336032499999,1.3775142475,1.09775185,1.23594055
2021-05-31,1.1435837503325,1.1394641,0.9641049475000001,1.345791425,1.074295875,1.20796925
2021-06-07,1.0855216944875,1.0819679,0.9084553655000001,1.2830992825,1.01815685,1.147696875
2021-06-14,1.036498863475,1.03391145,0.8751580345,1.2140794449999999,0.9750114375,1.0935074
2021-06-21,0.95381807181,0.949581855,0.80099361875,1.1209708825,0.8976985550000001,1.0079883
2021-06-28,0.8980486741075,0.89350698,0.7515436272499999,1.0652184475,0.8428150575,0.9495078050000001
2021-07-05,0.854675297055,0.850505375,0.712698867,1.0261908075000001,0.80057735,0.90356169
2021-07-12,0.8170175576925,0.8123239849999999,0.6801207735,0.97825723425,0.765723615,0.864232375
2021-07-19,0.7659135294075,0.761716595,0.63880919825,0.91452749375,0.71647222,0.8111041750000001
2021-07-26,0.7257760091675,0.72143745,0.6078737525000001,0.8638867317500001,0.6786974649999999,0.7693019449999999
2021-08-02,0.7175241273475,0.71350095,0.59727356075,0.8573826867500001,0.67154421,0.758374465
2021-08-09,0.725088823685,0.721744095,0.60366122475,0.8664137887500001,0.6787484800000001,0.7676977025
2021-08-16,0.750837119005,0.747299275,0.62476642125,0.90230020275,0.700268645,0.7956045624999999
2021-08-23,0.84375692088,0.83826987,0.7029576255,1.01880718,0.7870739425000001,0.893810915
2021-08-30,1.00190409355,0.9960497850000001,0.83672784975,1.2023676375,0.9361700124999999,1.062116
2021-09-06,1.1655992587975,1.15944955,0.97098424275,1.3999122475,1.089179825,1.23492565
2021-09-13,1.3614263006,1.3559917000000001,1.1376642325000001,1.616574835,1.2748977,1.4418622250000002
2021-09-20,1.444001701725,1.4364780000000001,1.2179790675000002,1.6983951425000001,1.3564267,1.5233095250000002
2021-09-27,1.430570227925,1.4246736000000002,1.2080718199999998,1.686190245,1.343972725,1.5092904999999999
2021-10-04,1.2935564666825,1.28815345,1.0877236450000003,1.5261503125000002,1.21523535,1.365749575
2021-10-11,1.1253067198125,1.1204695,0.9431570105,1.336903035,1.0549582499999999,1.191128225
2021-10-18,0.94253639197,0.9385820899999999,0.7813650029999999,1.125998945,0.8810569349999999,0.9973672124999999
2021-10-25,0.8191715127025,0.8157003899999999,0.6777114049999999,0.98686680425,0.76510988,0.8679537075
2021-11-01,0.690839463155,0.6881339,0.57051427075,0.824199579,0.6459452225,0.7326270124999998
2021-11-08,0.6470987292325,0.64428402,0.53566043775,0.7716334522499999,0.6059064399999999,0.6868812200000001
2021-11-15,0.69239564554,0.690185815,0.576808793,0.8288216225,0.6465485799999999,0.7333867425
2021-11-22,0.7581632317175,0.75397947,0.63253874975,0.91135484975,0.709370785,0.8033299600000001
2021-11-29,0.930578916955,0.9264755149999999,0.7729360157499999,1.1148603625000002,0.86664626,0.986977405
2021-12-06,1.1414334404525,1.135602,0.9458604695000001,1.3665096,1.0655381,1.2104383749999998
2021-12-13,1.4025246257775,1.39350985,1.157669505,1.6865180525,1.3093947250000002,1.4885444499999998
2021-12-20,1.670736576875,1.6615893,1.383162635,2.0018592999999996,1.5643251500000002,1.7729658000000001
2022-01-03,1.82654250105,1.8160617499999998,1.5301972075,2.1671707849999997,1.715121175,1.93008405
2022-01-10,1.89060920985,1.8818017999999999,1.6012962725,2.2333125075,1.77785405,1.9940833
2022-01-17,1.796976376325,1.7914302,1.52317525,2.1075381,1.689300225,1.8936061
2022-01-24,1.62308836835,1.6203291499999999,1.36911365,1.90343605,1.52791935,1.7103202
2022-01-31,1.465169313775,1.45947605,1.232997495,1.7294598425000003,1.377033725,1.5459742249999997
2022-02-07,1.33829809146,1.3318632,1.12177618,1.5934744674999999,1.255202725,1.416032975
2022-02-14,1.3028080847175,1.2954563000000001,1.0976211024999998,1.5432153975,1.2220142250000001,1.377735525
2022-02-21,1.3326698176775,1.3259028,1.1301464925,1.5682428675,1.25299,1.40510045
2022-02-28,1.44249249015,1.4365732,1.23229791,1.6872358425,1.3590819,1.5181504
2022-03-07,1.64045232625,1.63452925,1.40233208,1.9055249600000004,1.5463703,1.7272209500000002
2022-03-14,1.7400601625,1.7358985,1.4915386675,2.027915535,1.64268475,1.829404275
2022-03-21,1.845877103225,1.8427103,1.5668389825,2.1625322200000006,1.7399479000000002,1.94062035
2022-03-28,1.833850463,1.82784295,1.558787095,2.138200875,1.7295969000000002,1.9302363500000002
2022-04-04,1.752256715475,1.74720825,1.489072055,2.0425970199999997,1.6570951250000001,1.8407053249999998
2022-04-11,1.64962995105,1.64402685,1.407554045,1.9228014500000004,1.5630311749999999,1.7321999250000002
2022-04-18,1.56772804965,1.5624151,1.3408554750000001,1.8164971,1.486415075,1.64530835
2022-04-25,1.528483446,1.5235435499999999,1.3113530425,1.7719977550000001,1.44742445,1.6053643499999999
2022-05-02,1.534794302325,1.5298166000000002,1.3125698725000001,1.7882028125,1.4506310500000001,1.615805675
2022-05-09,1.4979921614,1.4931462,1.2779555125000002,1.7397385950000002,1.4142298,1.574033025
2022-05-16,1.4755544865,1.4703598,1.2626428774999998,1.7189478,1.3940657749999998,1.550688275
2022-05-23,1.383110208725,1.3771863500000001,1.1923712375,1.602390695,1.307769275,1.4533066749999999
2022-05-30,1.2505773382025,1.24701345,1.0808732225,1.4494043050000003,1.18463885,1.311030275
2022-06-06,1.09129103594,1.0869061,0.937246102,1.2676205050000002,1.0323257,1.1457314
2022-06-13,0.97573534388,0.97317564,0.83296071425,1.138669425,0.91875072,1.027990025
2022-06-20,0.874935823775,0.871891625,0.7444331475,1.0218238675,0.8248389025,0.92072231
2022-06-27,0.8279601945975,0.8250362950000001,0.70587749175,0.963627481,0.7837671525000001,0.8707170099999999
2022-07-04,0.83450793704,0.832646115,0.7134350627499999,0.97005674475,0.7880465125,0.8778544275
2022-07-11,0.8534844880575,0.8511670899999999,0.72934158975,0.9926523507499999,0.8069743325000001,0.8980521125
2022-07-18,0.880523423115,0.8759054,0.75496077675,1.0291749475,0.8324720325,0.92626841
2022-07-25,0.87164854248,0.86735595,0.7502365544999999,1.0194733225,0.8238016825000001,0.9151932575
2022-08-01,0.8616550530675,0.85603555,0.74040754425,1.005368075,0.8150485475,0.9053184175000001
2022-08-08,0.81474867515,0.81060691,0.6985194545,0.95258968275,0.7684485875,0.8565854124999999
2022-08-15,0.7816348285475,0.7779369,0.66761815425,0.9156071655,0.7365128525000001,0.8225978199999999
2022-08-22,0.74317308062,0.740381885,0.63428963075,0.8702082587500001,0.70124642,0.7822071725
2022-08-29,0.7269117847775,0.72388016,0.6211464914999999,0.8474703927499999,0.685795605,0.7657134699999999
2022-09-05,0.701881163335,0.6991857450000001,0.6004559804999999,0.81915814175,0.6614856675,0.7396947525
2022-09-12,0.733061183735,0.730664495,0.6249179659999999,0.8536656992500001,0.692359655,0.77027466
2022-09-19,0.77594786979,0.772418115,0.66066607025,0.9125962259999999,0.7302701675000001,0.8171447825
2022-09-26,0.79219302606,0.79029945,0.6770973845,0.9291318332500001,0.7470279675,0.8328158474999999
2022-10-03,0.8018995820225,0.79798618,0.6838488315,0.93683109,0.7558371150000001,0.8441411425
2022-10-10,0.798315628595,0.794923665,0.6764787685,0.9302222620000002,0.7530441325000001,0.841619555
2022-10-17,0.793030904355,0.788949605,0.670504307,0.928361284,0.7483210299999999,0.835972595
2022-10-24,0.78315051337,0.77974315,0.66270488025,0.9176770795,0.7381224375,0.825253505
2022-10-31,0.8118644158925,0.80940893,0.6847403274999999,0.95278131825,0.7650657399999999,0.8567233774999999
2022-11-07,0.82119634522,0.8182799249999999,0.69445520475,0.9643915795000001,0.77453138,0.864714115
2022-11-14,0.85638479874,0.8543156599999999,0.72596024075,1.0054911850000001,0.806966445,0.9012134150000001
2022-11-21,0.90322252798,0.90042949,0.7689399615,1.05926972,0.8505976175,0.95172466
2022-11-28,0.9509642034425,0.9458697650000001,0.8073147395,1.1214101725,0.8952929725,1.004072075
2022-12-05,0.9951614943,0.98927845,0.84408971525,1.178222455,0.9356827925,1.050945625
2022-12-12,0.994463974525,0.989351495,0.8429634205,1.171413045,0.9348245725,1.047967975
2022-12-19,0.99831360344,0.991811805,0.8333611705,1.1883059500000002,0.9347604275000001,1.058494725
2022-12-26,1.0324409334,1.02534375,0.8267709295,1.2875426250000002,0.9489072550000001,1.1086174
