year_month,median,lower_95,upper_95,lower_80,upper_80,D1_prop,D2_prop,D3_prop,D4_prop,D1_smooth,D2_smooth,D3_smooth,D4_smooth,dominant_raw,dominant,entropy,entropy_smooth
2013-01-01,0.482403635,0.31808593562500004,0.6450843108750001,0.3764773675,0.58927541275,0.24324324324324328,0.7027027027027027,0.05405405405405406,0,0.29554045231381226,0.5153449333304416,0.16133122403637395,0.02778339031937209,DENV-2,DENV-2,0.7495172222197811,1.0957533194364115
2013-02-01,0.243687982875,0.08710678555,0.411273481,0.139546094975,0.352278149,0.34146341463414637,0.36585365853658536,0.24390243902439024,0.04878048780487805,0.376514733111162,0.4246346691783679,0.16506387233025155,0.03378672538021851,DENV-2,DENV-2,1.22626228811389,1.1432982247415917
2013-03-01,-0.049669074625000004,-0.2107097092125,0.11337885338125006,-0.15744219902499998,0.05373752797249998,0.5769230769230769,0.20512820512820512,0.1794871794871795,0.03846153846153846,0.45250968670043956,0.34265076542208045,0.16558084207945095,0.03925870579802902,DENV-1,DENV-1,1.0758899667393502,1.1506762826932633
2013-04-01,0.34551721599999996,0.198787528195,0.48790425215,0.2469255518,0.4382855426,0.5,0.2894736842105263,0.17543859649122806,0.03508771929824561,0.531870803008536,0.262958451210425,0.16113407045174347,0.044036675329295574,DENV-1,DENV-1,1.1283169158460518,1.1187162826066426
2013-05-01,0.14757875912500001,-0.00460092268125,0.30727292650000004,0.0470388789125,0.25055422099999997,0.6410256410256411,0.1111111111111111,0.18803418803418803,0.05982905982905983,0.5995186989177758,0.20343628127528007,0.15105409003900683,0.045990929767937304,DENV-1,DENV-1,1.0119153435200348,1.0578133790384239
2013-06-01,0.25570141749999997,0.09917538464374999,0.41163510843750006,0.15388630547499998,0.356472435,0.6460176991150443,0.20353982300884957,0.08849557522123894,0.06194690265486725,0.6601621842577183,0.16045300672125226,0.13498731327104316,0.04439749574998615,DENV-1,DENV-1,0.993165445760742,0.9763362927771597
2013-07-01,-0.4103994001,-0.56499334985,-0.26064333331999995,-0.50822886268,-0.30941353348,0.6964285714285714,0.03571428571428571,0.17857142857142858,0.08928571428571429,0.7120448114175347,0.13334909555470845,0.11505119118973052,0.03955490183802641,DENV-1,DENV-1,0.8943117076585947,0.8870395336050788
2013-08-01,-0.25206380650000004,-0.40586388972500004,-0.08742749639374994,-0.353521367725,-0.147705962825,0.803921568627451,0.1176470588235294,0.0784313725490196,0,0.7597939748069574,0.11598666474759414,0.09186677968133522,0.03235258076411315,DENV-1,DENV-1,0.6268807504748255,0.7889171123863236
2013-09-01,0.1188294024,-0.026910983434999997,0.26934575822,0.023700063144,0.217387281,0.7166666666666667,0.18333333333333332,0.1,0,0.8007718324027998,0.10582409584144688,0.06878302890508285,0.024621042850670547,DENV-1,DENV-1,0.7800277323725409,0.6909117750329906
2013-10-01,0.0463511989,-0.106874813975,0.20738475201875003,-0.05678109194249999,0.147833970925,0.8048780487804879,0.17073170731707318,0.01219512195121951,0.01219512195121951,0.8324262237305751,0.10045295504586096,0.04912994233154587,0.017990878892018107,DENV-1,DENV-1,0.5839873498452567,0.6038513346331602
2013-11-01,-0.051715030875,-0.210748192925,0.10754562442750001,-0.15535743612500003,0.05409395812749998,0.8235294117647058,0.15294117647058825,0.01176470588235294,0.01176470588235294,0.8560092444608051,0.0980301072103787,0.033257209750446166,0.012703438578369983,DENV-1,DENV-1,0.5516040966026093,0.5294123873133676
2013-12-01,-0.0753897657,-0.22398296093,0.07475126959550003,-0.17383847261200003,0.02321437745999999,0.8701298701298701,0.11688311688311688,0.01298701298701298,0,0.8704195603933376,0.09804437440740382,0.022411936317314106,0.00912412888194456,DENV-1,DENV-1,0.4283583219157527,0.4764673221403545
2014-01-01,-0.021864741625000003,-0.177127799125,0.13980666255018753,-0.122590201825,0.08425867214999999,0.8987341772151899,0.0759493670886076,0.01265822784810126,0.01265822784810126,0.8777815189953649,0.10042332302368401,0.015094614816317577,0.0067005431646333475,DENV-1,DENV-1,0.40234876277965786,0.4420725156363276
2014-02-01,-0.37625369750000004,-0.5395025381874999,-0.20908733253749995,-0.4801501865,-0.266472215,0.9,0.1,0,0,0.8785359031863221,0.10564698217888105,0.010622732519539489,0.005194382115257464,DENV-1,DENV-1,0.3250829733914482,0.4268278776454455
2014-03-01,-0.1254125721,-0.27441150818,0.030985830441500044,-0.22254185533999998,-0.02023034672200001,0.8478260869565217,0.13043478260869565,0,0.0217391304347826,0.8738772314688908,0.11353719066424534,0.008220350559617383,0.004365227307246569,DENV-1,DENV-1,0.48887050487117023,0.4280145122207242
2014-04-01,0.0643015515,-0.09548144465,0.21678113056250004,-0.038902343804999996,0.167570078125,0.9230769230769232,0.07692307692307693,0,0,0.862496542460319,0.1269134319416405,0.006750487707879681,0.003839537890160711,DENV-1,DENV-1,0.271189373041844,0.4446620624378267
2014-05-01,0.21662544849999998,0.0669593272375,0.3742923236875,0.11829689345749998,0.31948913075,0.9325153374233128,0.05521472392638037,0.01226993865030674,0,0.8444302443372778,0.14581447149619706,0.006154404838549845,0.0036008793279753495,DENV-1,DENV-1,0.2790805399124073,0.4751316569555585
2014-06-01,0.404784508,0.26101761040000004,0.56334877905,0.3090790666,0.5027098632000001,0.9222222222222224,0.06666666666666667,0.01111111111111111,0,0.8174588365704815,0.1727751676071021,0.006209658849516619,0.003556336972899861,DENV-1,DENV-1,0.30520603408042096,0.519724717653324
2014-07-01,0.171398266375,0.01838256443750001,0.32623549456875,0.0690260541825,0.273982105925,0.7291666666666666,0.25,0.02083333333333333,0,0.7829515621209575,0.20649022746263418,0.006888428921248079,0.003669781495160135,DENV-1,DENV-1,0.65753305362486,0.5721836027371241
2014-08-01,-0.36860706249999997,-0.5237008213125,-0.20684758344374993,-0.46947362600000003,-0.2638349487,0.6390532544378699,0.33727810650887574,0.02366863905325443,0,0.7399666980159708,0.24776610509345723,0.008334260449548513,0.003932936441023385,DENV-1,DENV-1,0.7413231395357087,0.6302230103067397
2014-09-01,-0.16105869569999998,-0.30350655855,-0.012267118679999961,-0.25739562162199997,-0.065810728944,0.7244897959183674,0.2653061224489796,0,0.01020408163265306,0.6937458513970607,0.29117800687882106,0.010729225086355022,0.004346916637763149,DENV-1,DENV-1,0.6323064454206543,0.6852237847889227
2014-10-01,-0.2720623,-0.42488156275,-0.1175303501375,-0.37209866324999996,-0.171571387575,0.6607142857142857,0.3392857142857143,0,0,0.6524832577320393,0.3284438392504342,0.014163904524050265,0.004908998493476267,DENV-1,DENV-1,0.6405605590923158,0.7306727101249398
2014-11-01,-0.3499919925,-0.5098028144375001,-0.18583245006249996,-0.457810457,-0.2401292985,0.4615384615384616,0.5192307692307693,0.01923076923076923,0,0.6208345930719031,0.35445473009245715,0.019015625567246706,0.005695051268393055,DENV-2,DENV-1,0.7731497318416661,0.7683596948726772
2014-12-01,0.0319034302,-0.11695671187099999,0.18618370667,-0.067107205786,0.12907809799999997,0.5238095238095238,0.47619047619047616,0,0,0.6057793293818016,0.36257842299775955,0.024925776548068105,0.006716471072370681,DENV-1,DENV-1,0.6920129648318738,0.7971076881040561
2015-01-01,0.0870551477,-0.0632610773495,0.24245475068,-0.013256677005999995,0.187982746,0.7391304347826086,0.2318840579710145,0.0144927536231884,0.0144927536231884,0.6071777730267376,0.3527202240456805,0.031966339421803706,0.008135663505778226,DENV-1,DENV-1,0.6850553911946926,0.8197112864937165
2015-02-01,-0.234426509625,-0.40419490174999995,-0.06633253739274997,-0.34482447600000005,-0.12086692849000001,0.7058823529411765,0.2352941176470588,0.0392156862745098,0.0196078431372549,0.6219488059893783,0.3286123186352224,0.039393117960367686,0.010045757415031529,DENV-1,DENV-1,0.7904166926655835,0.8346872557069529
2015-03-01,-0.289752587,-0.44684174625,-0.12948792327999994,-0.39283257239999997,-0.18735144620000002,0.6666666666666666,0.3055555555555556,0.02777777777777777,0,0.6406831876019613,0.3010973290110047,0.04591685717463803,0.012302626212395973,DENV-1,DENV-1,0.7321261626468664,0.8422312965234066
2015-04-01,0.030603659550000002,-0.13024131717499998,0.19503501086875,-0.07003005974999998,0.13987496910000002,0.59375,0.25,0.125,0.03125,0.6595202668396396,0.27245385558802865,0.05253853369094576,0.015487343881386033,DENV-1,DENV-1,1.0243280783597073,0.8481249237096541
2015-05-01,0.14266338374999998,-0.009417306898187497,0.30480830875,0.03879633332500001,0.24498339824999996,0.75,0.225,0.025,0,0.6690037108991536,0.2534607406336763,0.058257453879806825,0.019278094587363293,DENV-1,DENV-1,0.6436058879666704,0.858547342695696
2015-06-01,0.282583517,0.134408373971,0.43108535254999997,0.18600953520000002,0.38019351219999997,0.6730769230769231,0.2307692307692308,0.07692307692307693,0.01923076923076923,0.6644029325339977,0.2481068216684654,0.06367356978539157,0.023816676012145366,DENV-1,DENV-1,0.8781429610032534,0.8818549879905098
2015-07-01,0.1290272495,-0.021807800568749987,0.29021679581250026,0.029202488950000004,0.2324937818,0.5901639344262295,0.21311475409836064,0.13114754098360656,0.06557377049180328,0.6421336317854781,0.2604598200020405,0.06885875342585372,0.028547794786627622,DENV-1,DENV-1,1.0857634836923573,0.9206033016215908
2015-08-01,-0.06306263,-0.212354805595,0.09368400737500018,-0.1638445072386,0.0374073359256,0.6888888888888889,0.2222222222222222,0.08888888888888889,0,0.5972835633454616,0.2946656688758006,0.07467142008529301,0.033379347693444666,DENV-1,DENV-1,0.8061151183601075,0.9751045916412284
2015-09-01,0.0294460917375,-0.12982282950625,0.19160866612500005,-0.07153867319999999,0.13350904600000002,0.34545454545454546,0.509090909090909,0.09090909090909093,0.05454545454545454,0.5287255309106553,0.35228387181928006,0.0813346562534075,0.03765594101665707,DENV-2,DENV-1,1.0875314885553273,1.0320607179267207
2015-10-01,-0.02730238805,-0.18333778237499998,0.13869056716875,-0.12974562064999998,0.07609645452500001,0.36764705882352944,0.5,0.08823529411764706,0.04411764705882353,0.4442567917820695,0.4263409937307413,0.08863802379981653,0.04076419068737271,DENV-2,DENV-1,1.0663526001757073,1.0691418837962692
2015-11-01,0.05418811938,-0.10530820361,0.211067546555,-0.04508322578,0.15489866676,0.4358974358974359,0.4871794871794872,0.05128205128205128,0.02564102564102564,0.35214789017031645,0.5084743182630754,0.09685068483750883,0.04252710672909924,DENV-2,DENV-2,0.9585549329440584,1.0718302979767067
2015-12-01,0.329740615,0.171426179875,0.4967570115,0.225514029,0.4379400983333333,0.30833333333333335,0.5833333333333334,0.06666666666666667,0.04166666666666666,0.2751574157242346,0.5765002809019651,0.10548585891415264,0.04285644445964763,DENV-2,DENV-2,0.9901471460578741,1.044840913952963
2016-01-01,0.36262394499999995,0.21905817575625003,0.518295743125,0.26861370425000003,0.46257199825000006,0.3333333333333333,0.5823293172690763,0.04819277108433735,0.03614457831325301,0.21874913195937093,0.6232346565860978,0.1158037791821146,0.042212432272416715,DENV-2,DENV-2,0.9472357715989129,1.0104074013526894
2016-02-01,-0.121864947,-0.265328375096,0.026941377832500064,-0.215391603,-0.023621228060000003,0.25316455696202533,0.5907172995780591,0.08860759493670886,0.06751054852320675,0.18697466240795346,0.6432857932972247,0.12866471994595577,0.04107482434886605,DENV-2,DENV-2,1.0554567502209664,0.9922701809351471
2016-03-01,-0.25365348374999996,-0.41067223531249997,-0.09435898086874996,-0.35802447225,-0.1492796875,0.13690476190476192,0.6666666666666666,0.17261904761904762,0.0238095238095238,0.1767526716849016,0.6393431838500305,0.1440766134267823,0.03982753103828561,DENV-2,DENV-2,0.9347675682990426,0.9998076152063993
2016-04-01,-0.28741137375000003,-0.44673494506249994,-0.12430701262499999,-0.390564845,-0.1831393155,0.12871287128712872,0.5643564356435643,0.24752475247524752,0.0594059405940594,0.1838323585166929,0.6126654711503899,0.1651689343407218,0.03833323599219533,DENV-2,DENV-2,1.1000639193101436,1.0339850292060588
2016-05-01,-0.12692102682200002,-0.2747599229,0.03213969171000001,-0.22732272580000001,-0.022361988502,0.10112359550561796,0.6741573033707865,0.1797752808988764,0.0449438202247191,0.20645329327184214,0.566411807413063,0.19055845955669537,0.036576439758399526,DENV-2,DENV-2,0.9454645502976671,1.0845999218129267
2016-06-01,0.0655460423625,-0.09688695056875,0.22112691175000002,-0.041219988639999997,0.16813158575,0.3076923076923077,0.47435897435897434,0.20512820512820512,0.01282051282051282,0.24294926146963064,0.5018817257580753,0.2209858410265466,0.034183171745747386,DENV-2,DENV-2,1.097238643971342,1.1387580739899184
2016-07-01,0.06963560405,-0.093173749511875,0.22318934312500002,-0.03415802313249998,0.17397938964999998,0.24468085106382975,0.40425531914893614,0.32978723404255317,0.02127659574468085,0.2843640096352454,0.43286377417664024,0.25161185392573976,0.03116036226237456,DENV-2,DENV-2,1.1583528808217856,1.1753127124067237
2016-08-01,0.03678926596,-0.11351976107,0.18792024425,-0.061226698659999995,0.13430772075999997,0.2689075630252101,0.48739495798319327,0.2352941176470588,0.00840336134453781,0.32335995671032797,0.36884005720013635,0.28029608287534363,0.027503903214192136,DENV-2,DENV-2,1.0840733268410312,1.188292404938208
2016-09-01,-0.219634125575,-0.38038669531249997,-0.05230196204375,-0.325638478,-0.10865535016175004,0.30434782608695654,0.17391304347826086,0.4927536231884058,0.02898550724637681,0.3495248896190701,0.3241241807357095,0.3025006241034316,0.023850305541788915,DENV-3,DENV-1,1.1176368931810672,1.183376563191002
2016-10-01,-0.457671724,-0.62109220075,-0.2968030330149999,-0.5605748314,-0.35540787388,0.32608695652173914,0.4565217391304347,0.17391304347826086,0.04347826086956521,0.3587132905535727,0.3044666240781609,0.3159559161978384,0.020864169170427965,DENV-2,DENV-1,1.1639120290264078,1.1746020701668547
2016-11-01,-0.12085506462500001,-0.29519867275,0.05301566879812502,-0.23715984774999999,-0.009311761417500015,0.34782608695652173,0.21739130434782608,0.391304347826087,0.04347826086956521,0.35189634662572994,0.3090490419214144,0.320339211846082,0.0187153996067736,DENV-3,DENV-1,1.202548864118925,1.169553167001388
2016-12-01,-0.10985530966666666,-0.2896550901666667,0.07018632808250003,-0.22789377233333333,0.009427549277666657,0.7,0.3,0,0,0.3323355352215551,0.33556706994215396,0.3143688562405432,0.017728538595747752,DENV-1,DENV-2,0.6108643020548935,1.1677968078135887
2017-01-01,-0.0017700820000000016,-0.16536443255000002,0.164322664655,-0.11163861696,0.10575551751,0.2861111111111111,0.35833333333333334,0.325,0.03055555555555555,0.30348688608878477,0.38094690748415583,0.29756080999341,0.018005396433649346,DENV-2,DENV-2,1.1976482416656344,1.1625464970669226
2017-02-01,-0.355134505,-0.5406206815,-0.16248072732937496,-0.47417662425,-0.233613337925,0.21052631578947367,0.3508771929824561,0.42105263157894735,0.0175438596491228,0.27207591522071056,0.4357722443937663,0.27222780706837985,0.019924033317143375,DENV-3,DENV-2,1.1306509661347866,1.1483411673299693
2017-03-01,-0.2290912210125,-0.434493904375,-0.03677887891249994,-0.36379238625,-0.10304287300000003,0.22297297297297297,0.5540540540540541,0.22297297297297297,0,0.24658033411971947,0.48379452030377335,0.24601099643026259,0.023614149146244687,DENV-2,DENV-2,0.9963982377340039,1.1299670072098453
2017-04-01,0.027269951874999997,-0.1690146883125,0.20998298024375012,-0.10450659647499999,0.144489132275,0.1858974358974359,0.5,0.2692307692307692,0.04487179487179487,0.22517651906692307,0.5254715008509349,0.21844002955411715,0.030911950528025003,DENV-2,DENV-2,1.1519177856938667,1.1135980049495147
2017-05-01,0.1751196368,-0.006021390372499997,0.3501725341,0.057066916616,0.2901236574,0.11507936507936509,0.5634920634920635,0.29365079365079366,0.02777777777777777,0.21238711839208693,0.5476967532391661,0.19723137512738909,0.04268475324135781,DENV-2,DENV-2,1.0314084161245878,1.1135976892730406
2017-06-01,0.19103658335,0.02177140423500001,0.36383781106249996,0.07939520315000001,0.30652910875,0.17064846416382254,0.5972696245733788,0.20819112627986347,0.02389078498293515,0.20649423923255392,0.5486311326924432,0.18344330606130246,0.06143132201370044,DENV-2,DENV-2,1.025485330976175,1.1375757966156124
2017-07-01,-0.120372613,-0.29145531985,0.05771341217500003,-0.23401498192,-0.008050874736000028,0.2532467532467532,0.5454545454545454,0.1461038961038961,0.05519480519480519,0.2058838779240776,0.5285754722623699,0.17903783473643092,0.08650281507712164,DENV-2,DENV-2,1.1193410949535882,1.182087223086153
2017-08-01,-0.11031989125,-0.3047508349375,0.07299808659375003,-0.2370915435,0.008843066569999994,0.11442786069651742,0.7164179104477612,0.11442786069651742,0.05472636815920398,0.20795638399569805,0.49070936323973313,0.1842300232402067,0.11710422952436211,DENV-2,DENV-2,0.8940377584448118,1.2387082821313138
2017-09-01,-0.0627084255,-0.2425278240375,0.11617588016250001,-0.18010806278,0.055214164774999984,0.22772277227722773,0.38613861386138615,0.19306930693069307,0.19306930693069307,0.2103437585950069,0.44407903673543464,0.19959789070868175,0.14597931396087668,DENV-2,DENV-2,1.339462741369527,1.2909595430058627
2017-10-01,0.17802625369,0.011542994837499999,0.3502214284,0.06888527605200001,0.28828078758,0.2120253164556962,0.2911392405063291,0.13924050632911392,0.3575949367088608,0.21131219146814578,0.4004123335931355,0.22390071327107838,0.16437476166764042,DENV-4,DENV-2,1.3303684098065185,1.3268244746665918
2017-11-01,-0.3476061775,-0.5457652004375001,-0.14363048108124998,-0.478104121,-0.21871548100000002,0.24705882352941175,0.3411764705882353,0.2058823529411765,0.2058823529411765,0.21021210528909437,0.3651658570446468,0.25697529474062547,0.16764674292563336,DENV-2,DENV-2,1.3630797142040691,1.3442956220715176
2017-12-01,0.2296852133,0.059859507199999995,0.406857612865,0.11959285966,0.34191907320000003,0.3463414634146341,0.23414634146341465,0.3073170731707317,0.11219512195121951,0.20735476617855164,0.3451783929494314,0.2925630210608106,0.15490381981120627,DENV-1,DENV-2,1.3151964448820708,1.3418703695146932
2018-01-01,-0.0830824932,-0.25574865848,0.09123646256500001,-0.196329736464,0.028810851371999978,0.4208494208494208,0.19305019305019305,0.32432432432432434,0.06177606177606178,0.2035266531469103,0.34045868246354744,0.3261034458062766,0.12991121858326574,DENV-1,DENV-2,1.2189589493711255,1.3213855563560994
2018-02-01,-0.2290522435,-0.42158386243749996,-0.029764478817499974,-0.35527822075000004,-0.10035538625,0.1920529801324503,0.36423841059602646,0.4172185430463576,0.02649006622516556,0.20024366089874027,0.350883868914408,0.34823872596462874,0.10063374422222299,DENV-3,DENV-2,1.1456403039371774,1.2879441603176014
2018-03-01,-0.128308727375,-0.3113924283125,0.06522054124375004,-0.25351041474999997,-0.0020423452650000073,0.02721088435374149,0.5714285714285714,0.29931972789115646,0.1020408163265306,0.199103088273836,0.3712428868118402,0.35321146549621996,0.07644255941810386,DENV-2,DENV-2,1.0118007129266646,1.2533364325909682
2018-04-01,0.271244453,0.095817377085,0.43963549145,0.15741224068000004,0.37905934344,0,0.5,0.4885496183206106,0.01145038167938931,0.20113688175082203,0.40259875374929127,0.3406144403719975,0.05564992412788927,DENV-2,DENV-2,0.7477087786196228,1.2164652196688
2018-05-01,0.144078118875,-0.03345740753749999,0.317053542775,0.027054837775000003,0.257478353825,0.0311284046692607,0.5447470817120622,0.3813229571984435,0.04280155642023346,0.2069183502939602,0.43768583615012213,0.31343641598158767,0.041959397574330023,DENV-2,DENV-2,0.9414140910849498,1.1843166826616458
2018-06-01,-0.0333979275,-0.2140506054375,0.14554551452000003,-0.14919426887499998,0.08349088359999998,0.2454212454212454,0.3516483516483517,0.326007326007326,0.07692307692307693,0.21601759955054728,0.47425778306480754,0.276454112948679,0.03327050443596628,DENV-2,DENV-2,1.274983004055072,1.1534849591259286
2018-07-01,-0.1323191846,-0.30556394745,0.04964356844900001,-0.2483419268,-0.017878199180000002,0.3053435114503817,0.46946564885496184,0.17557251908396945,0.04961832061068702,0.22546510662699543,0.5064636247004477,0.23930739375920745,0.028763874913349363,DENV-2,DENV-2,1.1716931588366073,1.1246827435264588
2018-08-01,0.17515955112499998,-0.004004776012499994,0.35787150375000004,0.05437033992500001,0.29575318695,0.3535714285714286,0.4785714285714286,0.1,0.06785714285714285,0.23204345071226884,0.5350498864316381,0.20582453820840627,0.027082124647686754,DENV-2,DENV-2,1.133098655862769,1.0966833118690875
2018-09-01,-0.05511889095,-0.2403008155125,0.13554027616875003,-0.170825811675,0.0667451589,0.4891774891774891,0.4199134199134199,0.06926406926406926,0.02164502164502164,0.23102123512565642,0.560039294423752,0.18111613403114254,0.02782333641944913,DENV-1,DENV-2,0.9820263791480721,1.0723026356281093
2018-10-01,0.0779086612,-0.08955405376999999,0.25081715422000006,-0.02919034186,0.19115513975999998,0.15501519756838905,0.6352583586626139,0.17933130699088146,0.0303951367781155,0.21945039065380026,0.5832117132170257,0.16675550997558572,0.030582386153588322,DENV-2,DENV-2,0.9915850272092502,1.05264332665032
2018-11-01,0.24317466999999998,0.07246570673125,0.41511979893750006,0.132490911175,0.3562277765,0.105,0.6775,0.2075,0.01,0.19536155060271163,0.6079548222600134,0.16134038673546824,0.035343240401806655,DENV-2,DENV-2,0.8728013663132381,1.0340215374172737
2018-12-01,0.31706774375,0.15009487133750002,0.497880543,0.20801708750000003,0.43238465875,0.14381720430107528,0.6330645161290323,0.2056451612903226,0.01747311827956989,0.16249329620442376,0.6322035764826677,0.16390454661488996,0.04139858069801854,DENV-2,DENV-2,0.9642827133422325,1.0134133918524486
2019-01-01,0.319132960375,0.16096856755125002,0.4748326400000001,0.21419025349999998,0.42255555199999995,0.06336405529953917,0.771889400921659,0.14746543778801843,0.01728110599078341,0.12453361025117946,0.6545196538220074,0.17263253020654462,0.04831420572026858,DENV-2,DENV-2,0.7270672684806407,0.986484495348618
2019-02-01,-0.11407597525,-0.28392768143749997,0.04936074862500001,-0.225217168,-0.01179220336150002,0.08913649025069638,0.7367688022284122,0.1309192200557103,0.04317548746518106,0.08977480485918994,0.6703077054645229,0.1851606720607942,0.05475681761549297,DENV-2,DENV-2,0.8424240110252725,0.9558729856172444
2019-03-01,-0.29649522625,-0.467777126875,-0.132001100525,-0.40974643699999996,-0.1891811341,0.05054945054945055,0.6395604395604395,0.23736263736263735,0.07252747252747253,0.06526998649994076,0.6774526639954048,0.19789204818768596,0.05938530131696848,DENV-2,DENV-2,0.9684109139595563,0.9302255314922215
2019-04-01,0.036276130559999994,-0.118531823095,0.18999193018,-0.06507888599999999,0.13660108284,0.07692307692307693,0.5686813186813187,0.2967032967032967,0.05769230769230769,0.04673310856822469,0.6781508942719174,0.21217404863906664,0.06294194852079131,DENV-2,DENV-2,1.0433635923278266,0.909553906270126
2019-05-01,0.6327938337500001,0.478764818,0.7806389015624999,0.52967244725,0.7295883197499999,0.03304597701149425,0.5689655172413793,0.2744252873563218,0.1235632183908046,0.036044595874503614,0.6731325300708744,0.2256495824721334,0.06517329158248862,DENV-2,DENV-2,1.046765627492677,0.9001206167763398
2019-06-01,0.3130926,0.15863356230625003,0.4775015799375,0.21014467050000002,0.41584810899999997,0.04503020318506315,0.6414058209774849,0.23833058758923667,0.07523338824821527,0.03055510049058562,0.6630373639858355,0.23948289345586157,0.0669246420677174,DENV-2,DENV-2,0.96088630336787,0.9023042662350622
2019-07-01,0.2185433643,0.076103421865,0.36496898095,0.12448920527999999,0.3106179752,0.0239463601532567,0.6969987228607918,0.20721583652618136,0.07183908045977011,0.02932587128516876,0.6482201734448363,0.2537018853947699,0.06875206987522507,DENV-2,DENV-2,0.8562954876660259,0.9165616325161865
2019-08-01,-0.13241243525,-0.2855514170625,0.02592607046875001,-0.236490192,-0.02611689684,0.01381780962128966,0.7226202661207779,0.1745138178096213,0.08904810644831115,0.03175352100382715,0.6263636358201438,0.27061141964967983,0.0712714235263492,DENV-2,DENV-2,0.8139512960161237,0.9445246062388054
2019-09-01,-0.35356319599999997,-0.5104623778499999,-0.1920016648499999,-0.45425902119999995,-0.25241596600000005,0.03518267929634641,0.6414073071718539,0.2692828146143437,0.05412719891745602,0.0380801339312098,0.5962709536637995,0.2910399834398107,0.07460892896518007,DENV-2,DENV-2,0.9137612243896682,0.9856323703289732
2019-10-01,-0.121676466875,-0.2761086148,0.03719902000312505,-0.22775202762500002,-0.016808395400000002,0.05717054263565891,0.562984496124031,0.3323643410852713,0.04748062015503876,0.04822333136758695,0.5587836415021332,0.31457034931995853,0.07842267781032133,DENV-2,DENV-2,0.9978434451628879,1.0348686764908397
2019-11-01,0.170949390125,0.020710074638125003,0.31930697993750007,0.07241209415,0.2696147455,0.02690582959641255,0.5762331838565022,0.2982062780269058,0.09865470852017937,0.06243447615544619,0.5134043941521285,0.34173087180580847,0.08243025788661693,DENV-2,DENV-2,1.0042377601783055,1.088109891130297
2019-12-01,-0.10834814196199999,-0.263672971905,0.04466698591900005,-0.20459726539999998,-0.008682213902000017,0.05823148813803019,0.4385334291876348,0.4205607476635514,0.08267433501078361,0.07764025351251617,0.46812452736005244,0.3684429858628354,0.08579223326459602,DENV-2,DENV-2,1.0974327779816995,1.1323090003011378
2020-01-01,0.1392825915,-0.011468190493749988,0.29992956275,0.038872772975,0.243183064,0.08917631041524847,0.39686861810755614,0.46630360789652825,0.04765146358066712,0.09064184750240106,0.42726900107527577,0.3936141882083672,0.08847496321395601,DENV-3,DENV-2,1.0831128397989507,1.1624956039982104
2020-02-01,0.09377338575,-0.0652062817525,0.25199742418125004,-0.009537009134999996,0.195825413475,0.17712865133623368,0.2684897451833437,0.4742075823492853,0.08017402113113735,0.09629539268456502,0.39916675066973023,0.41386753981927116,0.09067031682643359,DENV-3,DENV-3,1.2157715351025649,1.1747228144309212
2020-03-01,-0.048199305,-0.18559332573499998,0.10000968129500001,-0.14107161298,0.04902903907999999,0.12061068702290076,0.3292620865139949,0.4295165394402036,0.12061068702290076,0.09269856764885688,0.38786577762696195,0.4265103530698836,0.0929253016542975,DENV-3,DENV-3,1.2389883564259456,1.172044740512968
2020-04-01,0.0027591688749999998,-0.15223291504375003,0.16004973992500002,-0.096791580775,0.10582740002499996,0.05996365838885524,0.3930950938824954,0.4258025439127801,0.12113870381586916,0.08028885050412674,0.392281256322366,0.43109226349983587,0.09633762967367143,DENV-3,DENV-3,1.1550164762903379,1.1577413236814367
2020-05-01,0.28290344125,0.12730316771875003,0.44334074125,0.18332238665,0.38630027024999997,0.05387596899224806,0.5341085271317829,0.2937984496124031,0.1182170542635659,0.06344319135447117,0.4106452072105186,0.42455339789326835,0.10135820354174187,DENV-2,DENV-3,1.1046282976227286,1.1361772087142727
2020-06-01,0.539647759,0.3971651564,0.687855491,0.4487210546,0.6362567393999999,0.04031524704455896,0.4783267656865717,0.3719308881479236,0.10942709912094574,0.045664715131732446,0.4397112243293013,0.40552961039737556,0.10909445014159067,DENV-2,DENV-2,1.0921650146992286,1.109942585339618
2020-07-01,0.23195841487500002,0.08565769921125001,0.385936479625,0.1345943862,0.33187045025,0.0340543700672318,0.4396375328851213,0.40543700672318034,0.12087109032446652,0.03129110946660556,0.4716910569230651,0.37719020165108785,0.11982763195924152,DENV-2,DENV-2,1.097821737945942,1.084849891689113
2020-08-01,-0.1740131951,-0.313716395125,-0.027353344748,-0.2666138776,-0.0788758017,0.02257969303423849,0.4868654073199528,0.3863636363636363,0.10419126328217236,0.020518234993352712,0.501757257392043,0.34276444524516136,0.13496006236944286,DENV-2,DENV-2,1.0390768809770472,1.0630709686467714
2020-09-01,-0.47044581875,-0.632534778,-0.31049231443749997,-0.57165910725,-0.3679914745,0.0047361299052774,0.5297699594046008,0.3301759133964817,0.13531799729364005,0.01344968253720174,0.5222885058115941,0.30992348872123004,0.15433832292997407,DENV-2,DENV-2,0.9984507419884385,1.0486482031548434
2020-10-01,-0.24990750750000001,-0.398830170125,-0.09775048264999996,-0.35055931775,-0.1481494856,0.0071599045346062,0.55648369132856,0.2744630071599045,0.1618933969769292,0.009173217651184238,0.5288521981131038,0.28575685320962296,0.17621773102608904,DENV-2,DENV-2,1.011171553823114,1.043802348648422
2020-11-01,-0.36428842399999994,-0.5197335716,-0.2197649658,-0.46588823220000003,-0.2702279614,4.8123195380173e-4,0.49759384023099135,0.27863330125120306,0.22329162656400384,0.006479315471319874,0.5204681066683225,0.27349188632745985,0.19956069153289763,DENV-2,DENV-2,1.0418122382191122,1.0487267717119981
2020-12-01,-0.36220291666666665,-0.5317192255000001,-0.20590379674999995,-0.474501275,-0.25521065333333337,0.00297619047619047,0.4226190476190476,0.34325396825396826,0.2311507936507937,0.00490869942391041,0.498827973716211,0.27730605191185503,0.21895727494802353,DENV-2,DENV-2,1.086907204357964,1.06128172926687
2021-01-01,-0.265777887,-0.4225497269,-0.10126899159999997,-0.36609607180000003,-0.1562570412,0,0.5383480825958702,0.2153392330383481,0.24631268436578171,0.003934787106284675,0.465180833949677,0.30028618752027897,0.23059819142375923,DENV-2,DENV-2,1.0091560379394742,1.0773625927601622
2021-02-01,-0.16339793665000002,-0.3281742638749999,0.003942750218750035,-0.27359386874999997,-0.056327013705000005,0,0.41203703703703703,0.41975308641975306,0.16820987654320987,0.003360108478935534,0.423348676261362,0.3446691171695486,0.2286220980901538,DENV-3,DENV-2,1.0295535466788879,1.0875371843559374
2021-03-01,-0.085973335,-0.2371358295,0.08085050203500005,-0.1848763356,0.018782559099999985,0.00505050505050505,0.31691919191919193,0.3863636363636363,0.2916666666666667,0.0030504669530100293,0.38156037120696645,0.4029274708583947,0.2124616909816289,DENV-3,DENV-3,1.117680839422355,1.0806602054560785
2021-04-01,-0.179085671875,-0.34185713818749996,-0.008677488024374997,-0.2838633875,-0.06839507768,0,0.41216216216216217,0.41216216216216217,0.17567567567567569,0.002848136957538829,0.33461604248750937,0.482831289465029,0.17970453108992282,DENV-2,DENV-3,1.0361506425634226,1.0430172434906773
2021-05-01,0.0874407381,-0.07433201009,0.2471888051,-0.019079064876599994,0.19313057039999995,0,0.3903301886792453,0.5035377358490566,0.10613207547169812,0.0027363240260794147,0.292207262140271,0.5659645054643077,0.139091908369342,DENV-3,DENV-3,0.9507452275039852,0.9721837266361334
2021-06-01,-0.0173549817875,-0.18257045716249998,0.14456643555624998,-0.1242146173,0.09017144575000001,0,0.2634338138925295,0.6107470511140236,0.1258191349934469,0.0026699189723988605,0.25445602564186776,0.6456682381408803,0.09720581724485317,DENV-3,DENV-3,0.913362594320712,0.8731161919752664
2021-07-01,-0.256626777625,-0.429927132,-0.08209023903749997,-0.369994066,-0.14065698325,0.01244167962674961,0.19284603421461896,0.7216174183514774,0.07309486780715396,0.0026323542647860338,0.22514840085539012,0.7082408734754123,0.06397837140441154,DENV-3,DENV-3,0.7986271255100634,0.7715436923089133
2021-08-01,-0.2340422456,-0.4006740574,-0.06651507659999997,-0.33980388279999996,-0.12540644458800002,0.00269179004037685,0.27456258411843876,0.6850605652759085,0.03768506056527591,0.002611774183023764,0.2024027499029634,0.7550673436571717,0.039918132256841134,DENV-3,DENV-3,0.7534947798261551,0.6795798589667295
2021-09-01,0.261089926375,0.0976692165,0.43262979468750007,0.154400861,0.37503034575,0,0.05702917771883289,0.9190981432360744,0.02387267904509283,0.002610047337576104,0.18650204246892246,0.7859138706492985,0.02497403954420287,DENV-3,DENV-3,0.33004477376981656,0.6102060559515147
2021-10-01,0.00675898175,-0.164568825125,0.17944210291249998,-0.10577515154999999,0.11727761287499996,0.00902061855670103,0.05283505154639175,0.9381443298969072,0,0.002633328465832398,0.1764247703977308,0.804386997297922,0.016554903838514913,DENV-3,DENV-3,0.2577388747380497,0.5647007117850527
2021-11-01,-0.32415237350000004,-0.49056746579999994,-0.15783024264399992,-0.435377788,-0.21385827182000003,0.00112485939257592,0.0922384701912261,0.906636670416198,0,0.002696685378618913,0.17009470931319148,0.8155017051475063,0.01170690016068336,DENV-3,DENV-3,0.31633967113143974,0.5356489670904314
2021-12-01,0.2924472135,0.10549265459166667,0.48609605899999997,0.17158631346666667,0.41354356400000003,0,0.09273182957393485,0.8972431077694235,0.0100250626566416,0.002816396769490816,0.1665977039968348,0.8213508927325214,0.009235006501153097,DENV-3,DENV-3,0.36394901251952116,0.5200202643556322
2022-01-01,0.511251575,0.3594190328,0.6649422124000001,0.4110375432000001,0.6112658882,0.00804289544235925,0.3941018766756032,0.5978552278820375,0,0.0030335189358417134,0.16445474246946773,0.8244263305077311,0.008085408086959324,DENV-3,DENV-3,0.713297636378172,0.5125719109478317
2022-02-01,0.274988175,0.11182706028125,0.447675574,0.17154537200000003,0.38567850425,0.0050314465408805,0.3572327044025157,0.6251572327044025,0.01257861635220125,0.0033994576881730804,0.1627577680647821,0.8259241405249176,0.007918633722127215,DENV-3,DENV-3,0.743060410274172,0.5110829921358976
2022-03-01,0.527045425,0.37835070181249997,0.6844525148124999,0.42894800925,0.63032757875,0.0041991601679664,0.13437312537492502,0.8614277144571085,0,0.003932257763507153,0.1609576502001215,0.8266428259233277,0.008467266113043645,DENV-3,DENV-3,0.42118055935772414,0.5135668163975151
2022-04-01,0.462369925,0.312435597125,0.6124108980624999,0.36589667849999996,0.561229011,0.0012554927809165,0.10012554927809166,0.8926553672316384,0.00596359070935342,0.004887475069581308,0.1582511847709464,0.8270245306484966,0.00983680951097566,DENV-3,DENV-3,0.3707201617749551,0.520285348909679
2022-05-01,0.33300425,0.18623057951,0.4780813380500001,0.23993900582000002,0.424583082,0.00206611570247933,0.12317228226319137,0.868722186904005,0.00603941513032422,0.006425773856641828,0.1547831389424402,0.8268043754363951,0.011986711764522989,DENV-3,DENV-3,0.4238317532613014,0.5314935482183502
2022-06-01,-0.069188875,-0.22464012525,0.08647693624075001,-0.16981954170500002,0.030544357849999988,0.00499271895152902,0.12190555439983358,0.8552111504056584,0.01789057624297899,0.009134477091785729,0.15039025720783258,0.8253364438090799,0.015138821891301701,DENV-3,DENV-3,0.48875488773264186,0.5496845022632648
2022-07-01,-0.1781368175,-0.328821446,-0.02764825116874998,-0.27699832124999996,-0.079640033275,0.01011410788381742,0.10191908713692946,0.8480290456431535,0.03993775933609958,0.013704583913525687,0.14552618002929044,0.8216565113733512,0.019112724683832762,DENV-3,DENV-3,0.5476087378466388,0.5763170979655432
2022-08-01,-0.25977120600000003,-0.4077093266,-0.10753078677499994,-0.35659191,-0.16371566808,0.02045243259993802,0.1109389525875426,0.8385497365974589,0.03005887821506043,0.022116651201506833,0.1400166889531692,0.8137694519073729,0.024097207937951136,DENV-3,DENV-3,0.5764799517528025,0.6170459844933273
2022-09-01,-0.31168044500000003,-0.46534202975,-0.148067972625,-0.4129505595,-0.205407888225,0.04288377874456184,0.14481044126786824,0.781230577998757,0.03107520198881292,0.037311839610863165,0.133982385759412,0.7989197880783266,0.029785986551398285,DENV-3,DENV-3,0.7156205696354115,0.676021616801878
2022-10-01,-0.259272952,-0.40870034065000005,-0.10741443702999998,-0.3576078862,-0.15721099119999998,0.06430338004946413,0.17724649629018965,0.7279472382522671,0.03050288540807914,0.06307685612494587,0.12730101208088007,0.7739361558494319,0.035685975944742154,DENV-3,DENV-3,0.8207277709140677,0.7539743307499948
2022-11-01,-0.15696221535,-0.31842215562500004,0.004639733126875011,-0.2625399455,-0.052253138175000026,0.06754530477759473,0.11202635914332784,0.7891268533772653,0.03130148270181219,0.10715835213118019,0.11885990437529727,0.7321825113858123,0.0417992321077103,DENV-3,DENV-3,0.7225783702179123,0.8534289157362741
2022-12-01,-0.036564335,-0.202300685525,0.13442197601875003,-0.14324926670000002,0.07723939317499996,0.21357615894039736,0.10927152317880796,0.6241721854304636,0.05298013245033112,0.17077051150523354,0.10864325923316678,0.6733127020815897,0.04727352718001008,DENV-3,DENV-3,1.0214665858588363,0.953574933361134
